구분,학년,수강학과,수강번호,교과목명,학점,시간,담당교수,강의시간,강의실,소영역,비고
공통,1,대학전체,1016,컴퓨팅사고와코딩,1,1-0-0,이건직,,DU∼MOO DU∼MOOC,AI·SW,C
,,대학전체,1017,컴퓨팅사고와코딩,1,1-0-0,김종완,,DU∼MOO DU∼MOOC,AI·SW,C
,,대학전체,1018,컴퓨팅사고와코딩,1,1-0-0,염석원,,DU∼MOO DU∼MOOC,AI·SW,C
,,대학전체,1019,컴퓨팅사고와코딩,1,1-0-0,이건직,,DU∼MOO DU∼MOOC,AI·SW,C
,,대학전체,1020,컴퓨팅사고와코딩,1,1-0-0,염석원,,DU∼MOO DU∼MOOC,AI·SW,C
,,대학전체,1021,컴퓨팅사고와코딩,1,1-0-0,염석원,,DU∼MOO DU∼MOOC,AI·SW,C
,,대학전체,1022,컴퓨팅사고와코딩,1,1-0-0,김순철,,DU∼MOO DU∼MOOC,AI·SW,C
,,대학전체,1023,컴퓨팅사고와코딩,1,1-0-0,김수연,,DU∼MOO DU∼MOOC,AI·SW,C
,,대학전체,1024,컴퓨팅사고와코딩,1,1-0-0,홍원기,,DU∼MOO DU∼MOOC,AI·SW,C
,,대학전체,1025,컴퓨팅사고와코딩,1,1-0-0,남흥우,,DU∼MOO DU∼MOOC,AI·SW,C
,,대학전체,1033,창업과진로설계,1,1-0-0,류혜경,,본교가상본교가상,진로·취업,
,,대학전체,1034,DU진로탐색,1,1-0-0,,화(14:00-14:50),경영대강당,진로·취업,블렌디드러 닝
,,대학전체,1035,DU진로탐색,1,1-0-0,,수(14:00-14:50),경영대강당,진로·취업,블렌디드러 닝
,2,대학전체,1001,독일어,2,2-0-0,서요성,화(14:00-15:50),인문1관-12,글로벌의사 소통,
,,대학전체,1002,일본어,2,2-0-0,타케시타 치카,수(10:00-11:50),인문2관-22,글로벌의사 소통,
,,대학전체,1003,중국어,2,2-0-0,정민녀,월(12:00-13:50),인문1관-12,글로벌의사 소통,
,,대학전체,1004,중국어,2,2-0-0,정민녀,수(12:00-13:50),인문1관-12,글로벌의사 소통,
,,대학전체,1005,중국어,2,2-0-0,정민녀,화(14:00-15:50),인문1관-12,글로벌의사 소통,
,,대학전체,1006,중국어,2,2-0-0,정민녀,목(14:00-15:50),인문1관-12,글로벌의사 소통,
,,대학전체,1007,중국어,2,2-0-0,정민녀,수(10:00-11:50),인문1관-13,글로벌의사 소통,
,,대학전체,1008,중국어,2,2-0-0,정민녀,월(14:00-15:50),경영1관-12,글로벌의사 소통,
,,대학전체,1009,프랑스어,2,2-0-0,베로니크 엘리아스,월(12:00-13:50),인문1관-13,글로벌의사 소통,
,,대학전체,1010,프랑스어,2,2-0-0,베로니크 엘리아스,화(12:00-13:50),인문1관-13,글로벌의사 소통,
,,대학전체,1011,프랑스어,2,2-0-0,베로니크 엘리아스,수(12:00-13:50),인문1관-13,글로벌의사 소통,
,,대학전체,1012,러시아어,2,2-0-0,이규환,수(10:00-11:50),인문1관-12,글로벌의사 소통,
,,대학전체,1013,스페인어,2,2-0-0,헥트 크리 스탈 리,월(14:00-15:50),생과2관-12,글로벌의사 소통,
,,대학전체,1014,스페인어,2,2-0-0,헥트 크리 스탈 리,화(10:00-11:50),인문2관-24,글로벌의사 소통,
,,대학전체,1015,스페인어,2,2-0-0,헥트 크리 스탈 리,목(10:00-11:50),인문2관-24,글로벌의사 소통,
공통,2,대학전체,1026,생활속인공지능,1,1-0-0,유성은,,DU∼MOO DU∼MOOC,AI·SW,C
,,대학전체,1027,생활속인공지능,1,1-0-0,김종완,,DU∼MOO DU∼MOOC,AI·SW,C
,,대학전체,1028,생활속인공지능,1,1-0-0,여준호,,DU∼MOO DU∼MOOC,AI·SW,C
,,대학전체,1029,생활속인공지능,1,1-0-0,홍원기,,DU∼MOO DU∼MOOC,AI·SW,C
,,대학전체,1030,생활속인공지능,1,1-0-0,김지연,,DU∼MOO DU∼MOOC,AI·SW,C
,,대학전체,1031,생활속인공지능,1,1-0-0,최용호,,DU∼MOO DU∼MOOC,AI·SW,C
,,대학전체,1032,생활속인공지능,1,1-0-0,이미란,,DU∼MOO DU∼MOOC,AI·SW,C
,,대학전체,3939,일본어,2,2-0-0,,목(13:00-14:50),경영1관-13,글로벌의사 소통,
균형,1,대학전체,1036,기초화학,3,3-0-0,이성호,과학·기술월(16:30-17:45) | 수(16:30-17:45),공학1관-02,,
,,대학전체,1037,인간관계의이해,3,3-0-0,최웅용,사회·문화화(12:00-13:15) | 목(12:00-13:15),사과1관-14,,
,,대학전체,1038,숲과문화,3,3-0-0,이덕재,과학·기술월(16:30-17:45) | 수(16:30-17:45),생과5관-24,,
,,대학전체,1039,기초수학,3,3-0-0,남세현,과학·기술월(16:30-17:45) | 수(16:30-17:45),공학5관-52,,
,,대학전체,1040,기초수학,3,3-0-0,김래용,화(12:00-13:15),경영1관-13,과학·기술,블렌디드러 닝
,,대학전체,1041,기초수학,3,3-0-0,황근보,과학·기술화(13:30-14:45) | 목(15:00-16:15),공학1관-02,,
,,대학전체,1042,최근국제관계의이해,2,2-0-0,레슬리 멕 코이,사회·문화월(14:00-15:50),생과1관-14,,
,,대학전체,1043,세계문학,2,2-0-0,도란 코너 마이클,문학·예술화(14:00-15:50),생과2관-11,,
,,대학전체,1044,디지털사진의이해와,,,활용 2 1-2-0 박영식,여가·체육화(12:00-14:50),경영1관-14,,
,,대학전체,1045,격동하는한국현대사,3,3-0-0,박재영,,DU∼MOO DU∼MOOC,역사·철학,C
,,대학전체,1046,자연재해와문명,3,3-0-0,이길하,과학·기술금(09:00-10:15) | 금(10:30-11:45),인문1관-14,,
,,대학전체,1047,디지털융합생태계,3,3-0-0,박세현,과학·기술월(15:00-16:15) | 수(13:30-14:45),공학6관-64,,
,,대학전체,1048,프랑스문화이해,3,3-0-0,베로니크 엘리아스,사회·문화화(16:30-17:45) | 목(16:30-17:45),인문1관-14,,
,,대학전체,1049,프랑스문화이해,3,3-0-0,베로니크 엘리아스,사회·문화월(16:30-17:45) | 수(16:30-17:45),인문1관-14,,
,,대학전체,1050,동양철학과하이브리,,,3 3-0-0 양승권,,DU∼MOO DU∼MOOC,드문화 역사·철학,C
,,대학전체,1051,고대그리스철학,3,3-0-0,C,,DU∼MOO DU∼MOOC,역사·철학,변상출
,,대학전체,1052,고대그리스철학,3,3-0-0,,,DU∼MOO DU∼MOOC,역사·철학,"변상출 C,외국인"
,,대학전체,1053,컴퓨팅적사고와융합,,,적문제해결 3 3-0-0 조익성,,DU∼MOO DU∼MOOC,과학·기술,C
,,대학전체,1054,"클라시카,호메로스,",,,일리아드오디세이아 3 3-0-0 조혜경,수(09:00-10:15),인문1관-12,문학·예술,블렌디드러 닝
,,대학전체,1055,오디세이프로젝트3,,,전쟁과평화 3 3-0-0 전용숙,,본교가상본교가상,문학·예술,
균형,1,대학전체,1056,영어인문학,3,3-0-0,강민건,문학·예술월(12:00-13:15) | 수(12:00-13:15),사범1관-12,,
,,대학전체,1058,클래식로드,3,3-0-0,조혜경,화(12:00-13:15),인문1관-12,문학·예술,블렌디드러 닝
,,대학전체,1059,동아시아수도인문기,,,행 3 3-0-0,,DU∼MOO DU∼MOOC,사회·문화,권응상 C
,,대학전체,1060,청각이해와재활,3,3-0-0,허승덕,,K∼MOOCK∼MOOC,과학·기술,
,,대학전체,1061,"문학,영화를만나다",3,3-0-0,하수정,문학·예술화(13:30-14:45) | 목(15:00-16:15),인문1관-12,,
,,대학전체,1062,지구를여행하는예술·,,,디자인안내서 3 3-0-0 정석연,문학·예술화(13:30-14:45) | 목(15:00-16:15),경영1관-13,,
,,대학전체,1063,AI시대기술과윤리,3,3-0-0,김현숙,,DU∼MOO DU∼MOOC,과학·기술,C
,,대학전체,1064,동아시아항도인문기,,,행 3 3-0-0,,DU∼MOO DU∼MOOC,사회·문화,권응상 C
,,대학전체,1065,뮤지컬의이해와감상,3,3-0-0,김수연,문학·예술금(13:30-14:45) | 금(15:00-16:15),공학5관-51,,
,,대학전체,1066,어휘로본영미문화,3,3-0-0,이은석,사회·문화화(15:00-16:15) | 목(13:30-14:45),인문2관-22,,
,,대학전체,1067,글램핑,2,1-2-0,최종필,집중수업월(12:00-14:50),인문1관-14,여가·체육,
,,대학전체,1068,대학화학기초,3,3-0-0,심준호,수(12:00-13:15),생과2관-11,과학·기술,블렌디드러 닝
,,대학전체,1069,디지털트랜스포메이,,,션과위치정보 3 3-0-0 양성철,,DU∼MOO DU∼MOOC,과학·기술,C
,,대학전체,1070,파이썬을이용한AI기,,,초수학 3 3-0-0 김재준,화(13:30-14:45),공학5관-51,과학·기술,블렌디드러 닝
,,대학전체,1072,DU뉴스포츠,2,1-2-0,최봉암 평교골프장,여가·체육수(09:00-11:50),,,
,,대학전체,1073,DU테니스,2,1-2-0,조민행 테니스장,여가·체육수(13:00-15:50),,,
,,대학전체,1074,우주의이해,3,3-0-0,안성호,과학·기술화(13:30-14:45) | 목(15:00-16:15),사범1관-12,,
,,대학전체,1075,일상에서찾아보는자,,,료구조의원리 3 3-0-0 차경애,,K∼MOOCK∼MOOC,과학·기술,
,,대학전체,1076,영화속의경제학,3,3-0-0,박길환 공공인재-강,사회·문화월(16:30-17:45) | 수(16:30-17:45),,,
,,대학전체,1077,스포츠클라이밍입문,2,1-2-0,박재암,여가·체육월(09:00-11:50),인문1관-14,,
,,대학전체,3899,AI입문,3,3-0-0,김희철,,외부가상외부가상,과학·기술,
,,대학전체,3900,생활속의반도체,3,3-0-0,허경섭,,외부가상외부가상,과학·기술 문화콘텐츠학부,
공통,1,문화콘텐츠,1196,AI시대대학생활(1),1,1-0-0,서요성,인성(필)목(11:00-11:50),인문1관-13,,
,,문화콘텐츠,1197,AI시대대학생활(1),1,1-0-0,,인성(필)목(11:00-11:50),인문1관-13,,권응상
,,문화콘텐츠,1198,AI시대대학생활(1),1,1-0-0,이규환,인성(필)목(11:00-11:50),인문1관-13,,
,,문화콘텐츠,1199,AI시대대학생활(1),1,1-0-0,양진오,인성(필)목(11:00-11:50),인문2관-22,,
,,문화콘텐츠,1200,AI시대대학생활(1),1,1-0-0,이정복,인성(필)목(11:00-11:50),인문2관-23,,
,,문화콘텐츠,1201,AI시대대학생활(1),1,1-0-0,이희정,인성(필)목(11:00-11:50),인문2관-23,,
,,문화콘텐츠,1202,AI글쓰기기초,2,2-0-0,조익성 사고와표현 (필),목(12:00-13:50),인문1관-13,,
,,문화콘텐츠,1203,AI글쓰기기초,2,2-0-0,하영명 사고와표현 (필),목(12:00-13:50),인문1관-13,,
,2,문화콘텐츠,1195,빅컨셉+,2,2-0-0,이종주,사고와표현월(16:00-17:50),인문1관-12,,
균형,1,문화콘텐츠,1204,예술과디지털커뮤니,,,케이션 3 3-0-0 이소영,문학·예술금(13:30-14:45) | 금(15:00-16:15),인문2관-22,,
,,문화콘텐츠,1205,아름다움이란무엇인,,,가 3 3-0-0 윤주한,문학·예술화(16:30-17:45) | 목(16:30-17:45),인문2관-22,,
,,문화콘텐츠,1206,21세기한국문학과표,,,현 2 2-0-0 박규준,문학·예술화(14:00-15:50),인문1관-14,,
,,문화콘텐츠,1207,"놀이,예술,상상력",2,2-0-0,이소영,수(12:00-13:50),인문1관-13,문학·예술,블렌디드러 닝 공공인재대학
공통,1,경찰행정,1211,DU실용영어(1),2,2-0-0,윌리엄 샤 프 공공인재-12,월(14:00-15:50),,글로벌의사 소통,
,,경찰행정,1212,DU실용영어(1),2,2-0-0,에리티 다 니엘 크리 공공인재-11,월(14:00-15:50),,글로벌의사 소통,
,,경찰행정,1213,AI시대대학생활(1),1,1-0-0,기광도 공공인재-13,인성(필)화(12:00-12:50),,,
,,경찰행정,1214,AI시대대학생활(1),1,1-0-0,공공인재-13,인성(필)화(12:00-12:50),,,김상호
,,경찰행정,1215,AI시대대학생활(1),1,1-0-0,지유미 공공인재-13,인성(필)화(12:00-12:50),,,
,,경찰행정,1216,AI시대대학생활(1),1,1-0-0,장민환 공공인재-13,인성(필)화(12:00-12:50),,,
,,자치경찰,1217,DU실용영어(1),2,2-0-0,크리스틴 안소니 로 공공인재-13,화(10:00-11:50),,글로벌의사 소통,
,,자치경찰,1218,DU실용영어(1),2,2-0-0,김태우 공공인재-13,화(10:00-11:50),,글로벌의사 소통,
,,자치경찰,1219,AI시대대학생활(1),1,1-0-0,공공인재-13,인성(필)목(12:00-12:50),,,함요상
,,자치경찰,1220,AI시대대학생활(1),1,1-0-0,김정렬 공공인재-13,인성(필)목(12:00-12:50),,,
,,자치경찰,1221,AI시대대학생활(1),1,1-0-0,박여주 공공인재-12,인성(필)목(12:00-12:50),,,
,,국방군사,1222,DU실용영어(1),2,2-0-0,뉴옌챈트 루 공공인재-11,월(10:00-11:50),,글로벌의사 소통,
,,국방군사,1223,DU실용영어(1),2,2-0-0,조셉 데븐 포트 공공인재-13,월(10:00-11:50),,글로벌의사 소통,
,,국방군사,1224,AI시대대학생활(1),1,1-0-0,이동춘 공공인재-11,인성(필)목(10:00-10:50),,,
,,소방·행정,1231,AI글쓰기기초,2,2-0-0,박규준 사고와표현 (필) 공공인재-13,수(10:00-11:50),,,
,,소방·행정,1232,AI글쓰기기초,2,2-0-0,조익성 사고와표현 (필) 공공인재-13 공직법무자 치경찰,수(10:00-11:50),,,
,,,1233,AI글쓰기기초,2,2-0-0,이용승 사고와표현 (필) 공공인재-13 공직법무자 치경찰,목(10:00-11:50),,,
,,,1234,AI글쓰기기초,2,2-0-0,김래용 사고와표현 (필) 공공인재-13 공직법무자 치경찰,목(10:00-11:50),,,
,,,1235,AI글쓰기기초,2,2-0-0,권오수 사고와표현 (필) 공공인재-23 경찰행정부 동산·지적,목(10:00-11:50),,,
,,,1236,AI글쓰기기초,2,2-0-0,이덕균 사고와표현 (필) 공공인재-11 경찰행정부 동산·지적,수(14:00-15:50),,,
,,,1237,AI글쓰기기초,2,2-0-0,최영태 사고와표현 (필) 공공인재-13 경찰행정부 동산·지적,수(14:00-15:50),,,
,,,1238,AI글쓰기기초,2,2-0-0,박규준 사고와표현 (필) 공공인재-13 경찰행정부 동산·지적,수(14:00-15:50),,,
,,,1239,AI글쓰기기초,2,2-0-0,전용숙 사고와표현 (필) 공공인재-12,수(14:00-15:50),,,
,,국방군사,1240,AI글쓰기기초,2,2-0-0,정나리 사고와표현 (필) 공공인재-11,수(10:00-11:50),,,
,,소방·행정,1276,DU실용영어(1),2,2-0-0,애덤 탐슨 공공인재-13,월(10:00-11:50),,글로벌의사 소통,
,,소방·행정,1277,DU실용영어(1),2,2-0-0,코츠 로버 트 넬슨 공공인재-12,월(10:00-11:50),,글로벌의사 소통,
,,소방·행정,1278,DU실용영어(1),2,2-0-0,저스틴케 니 공공인재-23,월(10:00-11:50),,글로벌의사 소통,
,,소방·행정,1279,AI시대대학생활(1),1,1-0-0,송건섭 공공인재-23 공공인재대학,인성(필)화(17:00-17:50),,,
공통,1,소방·행정,1280,AI시대대학생활(1),1,1-0-0,이승철 공공인재-13,인성(필)화(17:00-17:50),,,
,,소방·행정,1281,AI시대대학생활(1),1,1-0-0,박길환 공공인재-12,인성(필)화(17:00-17:50),,,
,,소방·행정,1282,AI시대대학생활(1),1,1-0-0,김동신 공공인재-23,인성(필)화(17:00-17:50),,,
,,소방·행정,1283,AI시대대학생활(1),1,1-0-0,장명준 공공인재-13,인성(필)화(17:00-17:50),,,
,,소방·행정,1284,AI시대대학생활(1),1,1-0-0,서정욱 공공인재-13,인성(필)화(17:00-17:50),,,
,,공직법무,1285,DU실용영어(1),2,2-0-0,제이슨 아 담 레이너 공공인재-11,화(10:00-11:50),,글로벌의사 소통,
,,공직법무,1286,DU실용영어(1),2,2-0-0,코츠 로버 트 넬슨 공공인재-12,화(10:00-11:50),,글로벌의사 소통,
,,공직법무,1287,AI시대대학생활(1),1,1-0-0,최진원 공공인재-24,인성(필)수(11:00-11:50),,,
,,공직법무,1288,AI시대대학생활(1),1,1-0-0,이승환 공공인재-24,인성(필)수(11:00-11:50),,,
,,공직법무,1289,AI시대대학생활(1),1,1-0-0,장병주 공공인재-12,인성(필)수(11:00-11:50),,,
,,공직법무,1290,AI시대대학생활(1),1,1-0-0,공공인재-13 부동산·지 적,인성(필)수(11:00-11:50),,,이상학
,,,1291,DU실용영어(1),2,2-0-0,에릭 내쉬 공공인재-13 부동산·지 적,월(14:00-15:50),,글로벌의사 소통,
,,,1292,DU실용영어(1),2,2-0-0,이스릴엠 쿠다스 공공인재-13 부동산·지 적,월(14:00-15:50),,글로벌의사 소통,
,,,1293,AI시대대학생활(1),1,1-0-0,양성철 공공인재-13 부동산·지 적,인성(필)월(13:00-13:50),,,
,,,1294,AI시대대학생활(1),1,1-0-0,한정희 공공인재-13 부동산·지 적,인성(필)월(13:00-13:50),,,
,,,1295,AI시대대학생활(1),1,1-0-0,이성화 공공인재-13 부동산·지 적,인성(필)월(13:00-13:50),,,
,,,1296,AI시대대학생활(1),1,1-0-0,박원석 공공인재-13,인성(필)월(13:00-13:50),,,
,,공직법무,3936,DU실용영어(1),2,2-0-0,도란 코너 마이클 공공인재-13,화(10:00-11:50),,글로벌의사 소통,
,2,공공인재,1225,빅컨셉+,2,2-0-0,주영중,사고와표현월(12:00-13:50),사회3관-33,,
,,공공인재,1226,빅컨셉+,2,2-0-0,양승권 사고와표현,수(12:00-13:50),사회3관-33,,블렌디드러 닝
,,공공인재,1227,빅컨셉+,2,2-0-0,이종주,사고와표현화(14:00-15:50),사회3관-33,,
,,공공인재,1228,빅컨셉+,2,2-0-0,이덕균,사고와표현화(12:00-13:50),사회3관-33,,
,,공공인재,1229,빅컨셉+,2,2-0-0,김영진,사고와표현목(12:00-13:50),사회3관-33,,
,,공공인재,1230,빅컨셉+,2,2-0-0,양승권 사고와표현,월(14:00-15:50),사회3관-33,,블렌디드러 닝
교직,2,공공인재,1243,교육사회,2,1-0-1,이민경,화(13:00-14:50),사범1관-12,,블렌디드러 닝
,,공공인재,1244,교육심리,2,2-0-0,이미순,월(11:00-12:50),사범1관-13,,
,,공공인재,1245,교육철학및교육사,2,2-0-0,,월(13:00-14:50),사범1관-13,,
,,공공인재,1247,교육학개론,2,2-0-0,안준희,목(10:00-11:50),사범1관-12,,공공인재대학
교직,2,공공인재,1249,특수교육학개론,2,1-0-1,,수(14:00-15:50),사범1관-13,,
,,공공인재,1253,디지털교육,1,1-0-0,김현준,수(14:00-14:50),사범1관-13,,
,3,공공인재,1241,교육과정,2,1-0-1,김혜나,수(13:00-14:50),사범1관-12,,
,,공공인재,1242,교육방법및교육공학,2,1-0-1,오정숙,화(11:00-12:50),사범1관-13,,
,,공공인재,1246,교육평가,2,1-0-1,김혜숙,월(13:00-14:50),사범1관-13,,
,,공공인재,1248,교육행정및교육경영,2,1-0-1,김민희,월(11:00-12:50),사범1관-13,,블렌디드러 닝
,,공공인재,1251,교직실무,1,0-0-1,이정훈,목(14:00-14:50),사범1관-13,,
,,공공인재,1252,학교폭력예방및학생,,,의이해 2 2-0-0 문주연,수(13:00-14:50),사범1관-13,,
,4,공공인재,1250,학교현장실습(중등),2,2-0-0,,,미지정미지정,,
균형,1,공공인재,1254,한국사회의쟁점,2,2-0-0,박치현 공공인재-13,사회·문화수(10:00-11:50),,,
,,공공인재,1255,현대사회와다문화,3,3-0-0,박종수,사회·문화화(15:00-16:15) | 목(13:30-14:45),사과1관-15,,
,,공공인재,1256,고전과현대문화,3,3-0-0,백순철,문학·예술월(16:30-17:45) | 수(16:30-17:45),사회3관-32,,
,,공공인재,1257,사회과학의탄생,3,3-0-0,박치현,사회·문화월(16:30-17:45) | 수(16:30-17:45),사회3관-33,,
,,공공인재,1258,문학과예술의사회사,3,3-0-0,주영중,문학·예술화(13:30-14:45) | 목(15:00-16:15),사회3관-32,,
,,공공인재,1259,대학생인터넷윤리,3,3-0-0,김종완,과학·기술월(16:30-17:45) | 수(16:30-17:45),사회3관-32,,
,,공공인재,1260,다문화사회와가족복,,,지 3 3-0-0 노성향,화(13:30-14:45) | 목(15:00-16:15),사회3관-33,사회·문화,블렌디드러 닝
,,공공인재,1261,21세기한국문학과표,,,현 2 2-0-0 박규준 공공인재-13,문학·예술월(10:00-11:50),,,
,,공공인재,1262,정의란무엇인가,3,3-0-0,이용승,사회·문화화(15:00-16:15) | 목(13:30-14:45),사회3관-33,,
,,공공인재,1263,자기이해와의사소통,3,3-0-0,하영명,사회·문화화(13:30-14:45) | 목(15:00-16:15),사회3관-33,,
,,공공인재,1264,글로벌사회의이해,3,3-0-0,이소영,사회·문화월(16:30-17:45) | 수(16:30-17:45),사회3관-33,,
,,공공인재,1265,영화의비평적이해,3,3-0-0,송효정,문학·예술화(13:30-14:45) | 목(15:00-16:15),사회3관-32,,
,,공공인재,1266,한국고전문학의재발,,,견 3 3-0-0 이종필 공공인재-12,문학·예술월(15:00-16:15) | 수(13:30-14:45),,,
,,공공인재,1267,뮤지컬영어,3,3-0-0,임정완,문학·예술월(13:30-14:45) | 수(15:00-16:15),사범1관-12,,
,,공공인재,1268,미디어로보는동아시,,,3 3-0-0 민성기,사회·문화화(15:00-16:15) | 목(13:30-14:45),사회3관-33,아와글로벌문화콘텐 글로벌경영대학,
공통,1,일본어,1297,DU실용영어(1),2,2-0-0,헥트 크리 스탈 리,목(12:00-13:50),인문1관-12,글로벌의사 소통,
,,일본어,1298,DU실용영어(1),2,2-0-0,판티노플 레 신티아,목(12:00-13:50),인문1관-12,글로벌의사 소통,
,,일본어,1299,AI시대대학생활(1),1,1-0-0,김봉정,인성(필)수(11:00-11:50),인문2관-22,,
,,일본어,1300,AI시대대학생활(1),1,1-0-0,최장근,인성(필)수(11:00-11:50),인문1관-12,,
,,일본어,1301,AI시대대학생활(1),1,1-0-0,곽동곤,인성(필)수(11:00-11:50),인문1관-12,,
,,경영,1302,DU실용영어(1),2,2-0-0,허퍼 덕,수(12:00-13:50),경영1관-12,글로벌의사 소통,
,,경영,1303,DU실용영어(1),2,2-0-0,머레이 존 슨,수(12:00-13:50),경영1관-12,글로벌의사 소통,
,,경영,1304,DU실용영어(1),2,2-0-0,잭슨 윌리 엄 매튜 로,수(12:00-13:50),경영1관-13,글로벌의사 소통,
,,경영,1305,DU실용영어(1),2,2-0-0,뉴옌챈트 루,수(12:00-13:50),경영1관-13,글로벌의사 소통,
,,경영,1306,DU실용영어(1),2,2-0-0,크롤리 제 니퍼 루이,월(12:00-13:50),경영1관-12,글로벌의사 소통,
,,경영,1307,DU실용영어(1),2,2-0-0,헥트 크리 스탈 리,월(12:00-13:50),경영1관-12,글로벌의사 소통,
,,경영,1308,DU실용영어(1),2,2-0-0,도란 코너 마이클,월(12:00-13:50),경영1관-13,글로벌의사 소통,
,,경영,1309,DU실용영어(1),2,2-0-0,트레버 매 튜 심,월(12:00-13:50),경영1관-13,글로벌의사 소통,
,,경영,1310,AI시대대학생활(1),1,1-0-0,김임현,인성(필)수(17:00-17:50),경영1관-13,,
,,경영,1311,AI시대대학생활(1),1,1-0-0,정준희,인성(필)수(17:00-17:50),경영1관-13,,
,,경영,1312,AI시대대학생활(1),1,1-0-0,최정운,인성(필)수(17:00-17:50),경영1관-13,,
,,경영,1313,AI시대대학생활(1),1,1-0-0,박홍조,인성(필)수(17:00-17:50),경영1관-12,,
,,경영,1314,AI시대대학생활(1),1,1-0-0,이병산,인성(필)수(17:00-17:50),경영1관-12,,
,,경영,1315,AI시대대학생활(1),1,1-0-0,이진화,인성(필)수(11:00-11:50),경영1관-14,,
,,경영,1316,AI시대대학생활(1),1,1-0-0,,인성(필)수(11:00-11:50),경영1관-14,,박상철
,,경영,1317,AI시대대학생활(1),1,1-0-0,최진명,인성(필)수(11:00-11:50),경영1관-13,,
,,경영,1318,AI시대대학생활(1),1,1-0-0,이기은,인성(필)수(11:00-11:50),경영1관-13,,
,,경영,1319,AI시대대학생활(1),1,1-0-0,권순재,인성(필)수(11:00-11:50),경영1관-13,,
,,경영,1320,AI시대대학생활(1),1,1-0-0,배연호,인성(필)수(11:00-11:50),경영1관-14,,
,,경영,1321,AI시대대학생활(1),1,1-0-0,심종석,인성(필)수(11:00-11:50),경영1관-13,,
,,경영,1322,AI시대대학생활(1),1,1-0-0,오현석,인성(필)수(11:00-11:50),경영1관-12,,
,,경영,1323,AI시대대학생활(1),1,1-0-0,이가연,인성(필)수(11:00-11:50),경영1관-13,,
,,경영,1324,AI시대대학생활(1),1,1-0-0,정인준,인성(필)수(11:00-11:50),경영1관-14,글로벌경영대학,공통 1 경제금융통 상
,,,1325,DU실용영어(1),2,2-0-0,리차드 제 임스 갈랜,화(12:00-13:50),경영1관-12,글로벌의사 소통,경제금융통 상
,,,1326,DU실용영어(1),2,2-0-0,허퍼 덕,화(12:00-13:50),경영1관-12,글로벌의사 소통,경제금융통 상
,,,1327,AI시대대학생활(1),1,1-0-0,김양희,인성(필)수(11:00-11:50),경영1관-12,,경제금융통 상
,,,1328,AI시대대학생활(1),1,1-0-0,박승준,인성(필)수(11:00-11:50),경영1관-13,,경제금융통 상
,,,1329,AI시대대학생활(1),1,1-0-0,이윤호,인성(필)수(11:00-11:50),경영1관-13,,경제금융통 상
,,,1330,AI시대대학생활(1),1,1-0-0,전승훈,인성(필)수(11:00-11:50),경영1관-13,,경제금융통 상
,,,1331,AI시대대학생활(1),1,1-0-0,황진태,인성(필)수(11:00-11:50),경영1관-14,,
,,호텔관광,1332,DU실용영어(1),2,2-0-0,리차드 제 임스 갈랜,목(12:00-13:50),경영1관-12,글로벌의사 소통,
,,호텔관광,1333,DU실용영어(1),2,2-0-0,잭슨 윌리 엄 매튜 로,목(12:00-13:50),경영1관-12,글로벌의사 소통,
,,호텔관광,1334,DU실용영어(1),2,2-0-0,정 앤디 에 이치 티,목(12:00-13:50),경영1관-13,글로벌의사 소통,
,,호텔관광,1335,DU실용영어(1),2,2-0-0,앤드류 캔 디,목(12:00-13:50),경영1관-13,글로벌의사 소통,
,,호텔관광,1336,AI시대대학생활(1),1,1-0-0,김병국,인성(필)월(11:00-11:50),경영1관-13,,
,,호텔관광,1337,AI시대대학생활(1),1,1-0-0,송자현,인성(필)월(11:00-11:50),경영1관-13,,
,,호텔관광,1338,AI시대대학생활(1),1,1-0-0,김현정,인성(필)월(11:00-11:50),경영1관-13,,
,,호텔관광,1339,AI시대대학생활(1),1,1-0-0,노정희,인성(필)월(17:00-17:50),경영1관-13,,
,,호텔관광,1340,AI시대대학생활(1),1,1-0-0,이광우,인성(필)월(17:00-17:50),경영1관-13,,
,,호텔관광,1341,AI시대대학생활(1),1,1-0-0,이응진,인성(필)월(17:00-17:50),경영1관-13,글로벌경영,대학
,,,1342,DU사랑빛자유프로,,,젝트 2 2-0-0 박붕익,인성월(10:00-11:50),경영1관-12,글로벌경영,대학
,,,1343,DU사랑빛자유프로,,,젝트 2 2-0-0 박지은,인성화(10:00-11:50),경영1관-12,글로벌경영,대학
,,,1344,DU사랑빛자유프로,,,젝트 2 2-0-0 이용승,인성수(15:00-16:50),경영1관-12,글로벌경영,대학
,,,1345,DU사랑빛자유프로,,,젝트 2 2-0-0 김민희,인성목(11:00-12:50),경영1관-12,글로벌경영,대학
,,,1346,DU사랑빛자유프로,,,젝트 2 2-0-0 김민희,인성목(13:00-14:50),경영1관-12,글로벌경영,대학
,,,1347,DU사랑빛자유프로,,,젝트 2 2-0-0 박규준,인성월(14:00-15:50),경영1관-12,글로벌경영,대학
,,,1348,DU사랑빛자유프로,,,젝트 2 2-0-0 심도희,인성화(12:00-13:50),경영1관-12,,경제금융통 상
,,,3937,DU실용영어(1),2,2-0-0,헥트 크리 스탈 리,화(12:00-13:50),경영1관-13,글로벌의사 소통 글로벌경영,2 대학
,,,1349,DU글로벌소통영어,2,2-0-0,마틴 리즈 웨이,화(14:00-15:50),경영1관-12,글로벌의사 소통 글로벌경영,대학
,,,1350,DU글로벌소통영어,2,2-0-0,마틴 리즈 웨이,수(14:00-15:50),경영1관-12,글로벌의사 소통 글로벌경영,대학
,,,1351,DU실무영어,2,2-0-0,테레사 매 나밧,월(15:00-16:50),경영1관-12,글로벌의사 소통 글로벌경영대학 글로벌경영,공통 2 대학
,,,1352,DU실무영어,2,2-0-0,크리스토 퍼 리차드,목(10:00-11:50),경영1관-12,글로벌의사 소통 글로벌경영,대학
,,,1353,DU실무영어,2,2-0-0,크리스토 퍼 리차드,화(12:00-13:50),경영1관-13,글로벌의사 소통 글로벌경영,교직 2 대학
,,,1356,교육사회,2,1-0-1,이민경 합)공공인 재,화(13:00-14:50),사범1관-12,글로벌경영,대학
,,,1357,교육심리,2,2-0-0,이미순 합)공공인 재,월(11:00-12:50),사범1관-13,글로벌경영,대학
,,,1358,교육철학및교육사,2,2-0-0,합)공공인 재,월(13:00-14:50),사범1관-13,글로벌경영,대학
,,,1360,교육학개론,2,2-0-0,안준희 합)공공인 재,목(10:00-11:50),사범1관-12,글로벌경영,대학
,,,1362,특수교육학개론,2,1-0-1,합)공공인 재,수(14:00-15:50),사범1관-13,글로벌경영,대학
,,,1366,디지털교육,1,1-0-0,김현준 합)공공인 재,수(14:00-14:50),사범1관-13,글로벌경영,3 대학
,,,1354,교육과정,2,1-0-1,김혜나 합)공공인 재,수(13:00-14:50),사범1관-12,글로벌경영,대학
,,,1355,교육방법및교육공학,2,1-0-1,오정숙 합)공공인 재,화(11:00-12:50),사범1관-13,글로벌경영,대학
,,,1359,교육평가,2,1-0-1,김혜숙 합)공공인 재,월(13:00-14:50),사범1관-13,글로벌경영,대학
,,,1361,교육행정및교육경영,2,1-0-1,김민희 합)공공인 재,월(11:00-12:50),사범1관-13,글로벌경영,대학
,,,1364,교직실무,1,0-0-1,이정훈 합)공공인 재,목(14:00-14:50),사범1관-13,글로벌경영,대학
,,,1365,학교폭력예방및학생,,,의이해 2 2-0-0 문주연 합)공공인 재,수(13:00-14:50),사범1관-13,글로벌경영,4 대학
,,,1363,학교현장실습(중등),2,2-0-0,1,,미지정미지정,균형 글로벌경영,대학
,,,1367,한국사회의쟁점,2,2-0-0,박치현,사회·문화수(12:00-13:50),경영1관-14,글로벌경영,대학
,,,1368,한국사회의쟁점,2,2-0-0,이승천,사회·문화화(14:00-15:50),경영1관-14,글로벌경영,대학
,,,1369,즐거운철학이야기,3,3-0-0,양승권,화(12:00-13:15),경영1관-13,역사·철학 글로벌경영,블렌디드러 닝 대학
,,,1370,현대사회와다문화,3,3-0-0,박종수,사회·문화화(16:30-17:45) | 목(16:30-17:45),경영1관-12,글로벌경영,대학
,,,1371,사회적기업의이해,3,3-0-0,이주현,사회·문화월(09:00-10:15) | 월(10:30-11:45),경영1관-12,글로벌경영,대학
,,,1372,고전과현대문화,3,3-0-0,김민규,화(16:30-17:45) | 목(16:30-17:45),경영1관-13,문학·예술 글로벌경영,블렌디드러 닝 대학
,,,1373,동양철학과하이브리,,,3 3-0-0 안효성,역사·철학화(12:00-13:15) | 목(12:00-13:15),경영1관-12,드문화 글로벌경영,대학
,,,1374,21세기사회철학,3,3-0-0,안효성,역사·철학화(16:30-17:45) | 목(16:30-17:45),경영1관-13,글로벌경영,대학
,,,1375,"클라시카,단테,신곡",3,3-0-0,송효정,문학·예술월(10:30-11:45) | 수(09:00-10:15),경영1관-13,글로벌경영,대학
,,,1376,러시아사회와문화,3,3-0-0,이규환,화(12:00-13:15),경영1관-13,사회·문화 글로벌경영,블렌디드러 닝 대학
,,,1377,스마트DIY,3,3-0-0,이건직 교수학습110 대학,수(09:00-10:15),,과학·기술 글로벌경영,블렌디드러 닝
,,,1378,자아실현의철학,3,3-0-0,김용휘,역사·철학월(15:00-16:15) | 수(13:30-14:45),경영1관-12,글로벌경영,대학
,,,1379,"권력,의무,자유",3,3-0-0,이용승,사회·문화월(15:00-16:15) | 수(13:30-14:45),경영1관-13,글로벌경영대학 균형 글로벌경영,1 대학
,,,1380,영상과동아시아의근,,,대 3 3-0-0 송효정,문학·예술화(12:00-13:15) | 목(12:00-13:15),경영1관-13,글로벌경영,대학
,,,1381,문명과과학기술,2,2-0-0,김현숙,과학·기술수(14:00-15:50),경영1관-14,글로벌경영,대학
,,,1382,다매체시대의영상서,,,사론 3 3-0-0 송효정,문학·예술월(15:00-16:15) | 수(13:30-14:45),경영1관-13,글로벌경영,대학
,,,1383,역사속의다문화,2,2-0-0,김도연,역사·철학화(10:00-11:50),경영1관-13,글로벌경영,대학
,,,1384,"SF,철학을담다",3,3-0-0,안효성,역사·철학월(13:30-14:45) | 수(15:00-16:15),경영1관-12,글로벌경영,대학
,,,1385,한국문화탐색,3,3-0-0,정나리,화(12:00-13:15) | 목(12:00-13:15),경영1관-12,사회·문화 글로벌경영,블렌디드러 닝 대학
,,,1386,자기이해와의사소통,3,3-0-0,하영명,사회·문화월(15:00-16:15) | 수(13:30-14:45),경영1관-14,글로벌경영,대학
,,,1387,비판적사고와미디어,,,영어 3 3-0-0 류혜경,사회·문화화(16:30-17:45) | 목(16:30-17:45),경영1관-13,글로벌경영,대학
,,,1388,세계속의한류,3,3-0-0,김명광,수(13:30-14:45),경영1관-13,사회·문화 사회과학대학,블렌디드러 닝
공통,1,실버복지,1396,DU실용영어(1),2,2-0-0,애덤 탐슨,월(12:00-13:50),사과1관-13,글로벌의사 소통,
,,실버복지,1397,AI시대대학생활(1),1,1-0-0,정홍인,인성(필)수(11:00-11:50),사과1관-12,,
,,사회대,1398,DU사랑빛자유프로,,,젝트 2 2-0-0 이덕균,인성월(10:00-11:50),사과1관-12,,
,,사회대,1399,DU사랑빛자유프로,,,젝트 2 2-0-0 박재영,인성월(12:00-13:50),사과1관-12,,
,,사회대,1400,DU사랑빛자유프로,,,젝트 2 2-0-0 황보경옥,인성수(13:00-14:50),사과1관-12,,
,,사회대,1401,DU사랑빛자유프로,,,젝트 2 2-0-0 하영명,인성수(10:00-11:50),사과1관-12,,
,,사회대,1402,DU사랑빛자유프로,,,젝트 2 2-0-0 류다현,인성화(14:00-15:50),사과1관-12,,
,,사회대,1403,DU사랑빛자유프로,,,젝트 2 2-0-0 이교일,인성화(12:00-13:50),사과1관-12,,
,,사회대,1404,DU사랑빛자유프로,,,젝트 2 2-0-0 조은희,인성목(12:00-13:50),사과1관-12,,
,,사복,1455,DU실용영어(1),2,2-0-0,잭슨 윌리 엄 매튜 로,화(10:00-11:50),사회3관-33,글로벌의사 소통,
,,사복,1456,DU실용영어(1),2,2-0-0,판티노플 레 신티아,화(10:00-11:50),사회3관-33,글로벌의사 소통,
,,사복,1457,DU실용영어(1),2,2-0-0,케빈 스콧 갤브래스,화(10:00-11:50),사회3관-33,글로벌의사 소통,
,,사복,1458,DU실용영어(1),2,2-0-0,브라인 프 린,화(10:00-11:50),사과2관-24,글로벌의사 소통,
,,사복,1459,DU실용영어(1),2,2-0-0,김태우,목(10:00-11:50),사회3관-33,글로벌의사 소통,
,,사복,1460,DU실용영어(1),2,2-0-0,브라인 프 린,목(10:00-11:50),사회3관-33,글로벌의사 소통,
,,사복,1461,DU실용영어(1),2,2-0-0,크리스틴 안소니 로,목(10:00-11:50),사회3관-33,글로벌의사 소통,
,,사복,1462,DU실용영어(1),2,2-0-0,위프 로버 트 보이드,목(10:00-11:50),사과2관-24,글로벌의사 소통,
,,사복,1463,AI시대대학생활(1),1,1-0-0,김석주,인성(필)수(17:00-17:50),사과1관-14,,
,,사복,1464,AI시대대학생활(1),1,1-0-0,곽민영,인성(필)수(17:00-17:50),사과1관-14,,
,,사복,1465,AI시대대학생활(1),1,1-0-0,이동석,인성(필)수(17:00-17:50),사회3관-33,,
,,사복,1466,AI시대대학생활(1),1,1-0-0,이승주,인성(필)수(17:00-17:50),사과1관-14,,
,,사복,1467,AI시대대학생활(1),1,1-0-0,,인성(필)수(17:00-17:50),사과1관-12,,이준상
,,사복,1468,AI시대대학생활(1),1,1-0-0,이진숙,인성(필)수(17:00-17:50),사회3관-33,,
,,사복,1469,AI시대대학생활(1),1,1-0-0,현진희,인성(필)수(17:00-17:50),사과1관-13,,
,,사복,1470,AI시대대학생활(1),1,1-0-0,박영준,인성(필)수(17:00-17:50),사과1관-12,,
,,사복,1471,AI시대대학생활(1),1,1-0-0,양난주,인성(필)수(17:00-17:50),사과1관-13,,
,,사복,1472,AI시대대학생활(1),1,1-0-0,김문근,인성(필)수(17:00-17:50),사과1관-14,,
,,사복,1473,AI시대대학생활(1),1,1-0-0,김사현,인성(필)수(17:00-17:50),사과1관-14,사회과학대학,
공통,1,사복,1474,AI시대대학생활(1),1,1-0-0,이현주,인성(필)수(17:00-17:50),사과1관-14,,
,,청소년상담,1475,DU실용영어(1),2,2-0-0,조슈아 애 론,수(16:00-17:50),사과2관-21,글로벌의사 소통,
,,청소년상담,1476,DU실용영어(1),2,2-0-0,윌리엄 샤 프,수(16:00-17:50),사과2관-21,글로벌의사 소통,
,,청소년상담,1477,AI시대대학생활(1),1,1-0-0,최웅용,인성(필)수(11:00-11:50),사과2관-23,,
,,청소년상담,1478,AI시대대학생활(1),1,1-0-0,정소희,인성(필)수(11:00-11:50),사과2관-23,,
,,청소년상담,1479,AI시대대학생활(1),1,1-0-0,윤민화,인성(필)수(11:00-11:50),사회3관-32,,
,,아동가정,1480,DU실용영어(1),2,2-0-0,도란 코너 마이클,수(12:00-13:50),사과2관-21,글로벌의사 소통,
,,아동가정,1481,DU실용영어(1),2,2-0-0,조셉 데븐 포트,수(12:00-13:50),사과2관-21,글로벌의사 소통,
,,아동가정,1482,AI시대대학생활(1),1,1-0-0,노성향,인성(필)월(17:00-17:50),사과1관-12,,
,,아동가정,1483,AI시대대학생활(1),1,1-0-0,안석,인성(필)월(17:00-17:50),사과1관-13,,
,,아동가정,1484,AI시대대학생활(1),1,1-0-0,이보람,인성(필)월(17:00-17:50),사과1관-14,,
,,아동가정,1485,AI시대대학생활(1),1,1-0-0,신유미,인성(필)월(17:00-17:50),사과1관-14,,
,,문헌,1486,DU실용영어(1),2,2-0-0,데렉 메이 슨,수(16:00-17:50),사과2관-24,글로벌의사 소통,
,,문헌,1487,DU실용영어(1),2,2-0-0,아이리쉬 새그먼,수(16:00-17:50),사회3관-33,글로벌의사 소통,
,,문헌,1488,AI시대대학생활(1),1,1-0-0,김신영,인성(필)수(12:00-12:50),사과1관-13,,
,,문헌,1489,AI시대대학생활(1),1,1-0-0,박광헌,인성(필)수(12:00-12:50),사과1관-13,,
,,문헌,1490,AI시대대학생활(1),1,1-0-0,최예진,인성(필)수(12:00-12:50),사과1관-13,,
,,문헌,1491,AI시대대학생활(1),1,1-0-0,장보성,인성(필)수(12:00-12:50),사과1관-14,,
,,심리,1492,DU실용영어(1),2,2-0-0,데렉 메이 슨,수(12:00-13:50),사과2관-24,글로벌의사 소통,
,,심리,1493,DU실용영어(1),2,2-0-0,트레버 매 튜 심,수(12:00-13:50),사회3관-33,글로벌의사 소통,
,,심리,1494,DU실용영어(1),2,2-0-0,도날드 그 랜빌,수(12:00-13:50),사회3관-33,글로벌의사 소통,
,,심리,1495,DU실용영어(1),2,2-0-0,폴 안소니 피오 조이,수(12:00-13:50),사과1관-14,글로벌의사 소통,
,,심리,1496,AI시대대학생활(1),1,1-0-0,석동헌,인성(필)목(11:00-11:50),사회3관-33,,
,,심리,1497,AI시대대학생활(1),1,1-0-0,김근향,인성(필)목(11:00-11:50),사회3관-33,,
,,심리,1498,AI시대대학생활(1),1,1-0-0,김은석,인성(필)목(11:00-11:50),사과1관-12,,
,,심리,1499,AI시대대학생활(1),1,1-0-0,송경희,인성(필)목(11:00-11:50),사과1관-13,,
,,심리,1500,AI시대대학생활(1),1,1-0-0,,인성(필)목(11:00-11:50),사과1관-14,,남상희
,,심리,1501,AI시대대학생활(1),1,1-0-0,정나래,인성(필)목(11:00-11:50),사과1관-14,사회과학대학,
공통,1,심리,1502,AI시대대학생활(1),1,1-0-0,강현민,인성(필)목(11:00-11:50),사과1관-14,,
,,미디어,1503,DU실용영어(1),2,2-0-0,패트릭 에 간,월(16:00-17:50),사과1관-12,글로벌의사 소통,
,,미디어,1504,DU실용영어(1),2,2-0-0,라포인트 마크 앤드,월(16:00-17:50),사과1관-14,글로벌의사 소통,
,,미디어,1505,DU실용영어(1),2,2-0-0,이스릴엠 쿠다스,월(16:00-17:50),사과2관-21,글로벌의사 소통,
,,미디어,1506,DU실용영어(1),2,2-0-0,윌리엄 샤 프,월(16:00-17:50),사과2관-21,글로벌의사 소통,
,,미디어,1507,AI시대대학생활(1),1,1-0-0,김동윤,인성(필)수(11:00-11:50),사과1관-13,,
,,미디어,1508,AI시대대학생활(1),1,1-0-0,류성진,인성(필)수(11:00-11:50),사과1관-13,,
,,미디어,1509,AI시대대학생활(1),1,1-0-0,김성해,인성(필)수(11:00-11:50),사과1관-13,,
,,미디어,1510,AI시대대학생활(1),1,1-0-0,하진홍,인성(필)수(11:00-11:50),사과1관-13,,
,,미디어,1511,AI시대대학생활(1),1,1-0-0,홍유리,인성(필)수(11:00-11:50),사과1관-14,,
,,미디어,1512,AI시대대학생활(1),1,1-0-0,김대욱,인성(필)수(11:00-11:50),사과1관-14,,
,2,사회대,1405,DU글로벌소통영어,2,2-0-0,라포인트 마크 앤드,화(16:00-17:50),사과2관-24,글로벌의사 소통,
,,사회대,1406,DU글로벌소통영어,2,2-0-0,라포인트 마크 앤드,월(12:00-13:50),사과1관-14,글로벌의사 소통,
,,사회대,1407,DU글로벌소통영어,2,2-0-0,마틴 리즈 웨이,목(12:00-13:50),사과2관-21,글로벌의사 소통,
,,사회대,1408,DU실무영어,2,2-0-0,테레사 매 나밧,월(10:00-11:50),사과2관-24,글로벌의사 소통,
,,사회대,1409,DU실무영어,2,2-0-0,테레사 매 나밧,화(16:00-17:50),사과1관-13,글로벌의사 소통,
,,사회대,1410,DU실무영어,2,2-0-0,매리 캐서 린 아리오,수(10:00-11:50),사과2관-24,글로벌의사 소통,
,,사회대,1411,DU실무영어,2,2-0-0,매리 캐서 린 아리오,목(16:00-17:50),사과2관-21,글로벌의사 소통,
,,사회대,1412,DU실무영어,2,2-0-0,크리스토 퍼 리차드,수(14:00-15:50),사과2관-21,글로벌의사 소통,
교직,2,사회대,1415,교육사회,2,1-0-1,이민경 합)공공인 재,화(13:00-14:50),사범1관-12,,
,,사회대,1416,교육심리,2,2-0-0,이미순 합)공공인 재,월(11:00-12:50),사범1관-13,,
,,사회대,1417,교육철학및교육사,2,2-0-0,합)공공인 재,월(13:00-14:50),사범1관-13,,
,,사회대,1419,교육학개론,2,2-0-0,안준희 합)공공인 재,목(10:00-11:50),사범1관-12,,
,,사회대,1421,특수교육학개론,2,1-0-1,합)공공인 재,수(14:00-15:50),사범1관-13,,
,,사회대,1427,디지털교육,1,1-0-0,김현준 합)공공인 재,수(14:00-14:50),사범1관-13,,
,3,사회대,1413,교육과정,2,1-0-1,김혜나 합)공공인 재,수(13:00-14:50),사범1관-12,,
,,사회대,1414,교육방법및교육공학,2,1-0-1,오정숙 합)공공인 재,화(11:00-12:50),사범1관-13,,
,,사회대,1418,교육평가,2,1-0-1,김혜숙 합)공공인 재,월(13:00-14:50),사범1관-13,사회과학대학,
교직,3,사회대,1420,교육행정및교육경영,2,1-0-1,김민희 합)공공인 재,월(11:00-12:50),사범1관-13,,
,,사회대,1425,교직실무,1,0-0-1,이정훈 합)공공인 재,목(14:00-14:50),사범1관-13,,
,,사회대,1426,학교폭력예방및학생,,,의이해 2 2-0-0 문주연 합)공공인 재,수(13:00-14:50),사범1관-13,,
,4,사회대,1422,학교현장실습(사서),2,2-0-0,,,미지정미지정,,
,,사회대,1423,학교현장실습(전문상,,,담) 2 2-0-0,,미지정미지정,,
,,사회대,1424,학교현장실습(중등),2,2-0-0,,,미지정미지정,,
균형,1,사회대,1428,경제학의이해,3,3-0-0,배연호,화(12:00-13:15),사과1관-13,사회·문화,블렌디드러 닝
,,사회대,1429,문학의이해,3,3-0-0,김성진,문학·예술월(15:00-16:15) | 수(13:30-14:45),사회3관-32,,
,,사회대,1430,생활과과학,3,3-0-0,이건직,화(16:30-17:45) | 목(16:30-17:45),사회3관-32,과학·기술,블렌디드러 닝
,,사회대,1431,전환기의한국근대사,3,3-0-0,장희흥,역사·철학월(13:30-14:45) | 수(15:00-16:15),사회3관-32,,
,,사회대,1432,한국전통문화의이해,3,3-0-0,김도연 공공인재-23,역사·철학화(12:00-13:15) | 목(12:00-13:15),,,
,,사회대,1433,한국사회의쟁점,2,2-0-0,박치현,사회·문화월(10:00-11:50),사회3관-32,,
,,사회대,1434,언어의이해,3,3-0-0,박용찬,역사·철학월(13:30-14:45) | 수(15:00-16:15),사과1관-14,,
,,사회대,1435,즐거운철학이야기,3,3-0-0,김영진,역사·철학월(12:00-13:15) | 수(12:00-13:15),사회3관-32,,
,,사회대,1436,모더니즘산책,3,3-0-0,서요성,사회·문화월(15:00-16:15) | 수(13:30-14:45),사회3관-33,,
,,사회대,1437,동양철학과하이브리,,,3 3-0-0 김용휘,역사·철학화(16:30-17:45) | 목(16:30-17:45),사과1관-14,드문화,
,,사회대,1438,21세기사회철학,3,3-0-0,안효성,역사·철학화(13:30-14:45) | 목(15:00-16:15),사과1관-15,,
,,사회대,1439,고대그리스철학,3,3-0-0,,역사·철학화(12:00-13:15) | 목(12:00-13:15),사과1관-14,,변상출
,,사회대,1440,행정과사회,3,3-0-0,김동신 공공인재-23,사회·문화화(09:00-10:15) | 목(10:30-11:45),,,
,,사회대,1441,기독교역사의이해,3,3-0-0,,문학·예술화(12:00-13:15) | 목(12:00-13:15),윤관희 사회3관-32,,
,,사회대,1442,자아실현의철학,3,3-0-0,김용휘,역사·철학월(13:30-14:45) | 수(15:00-16:15),사과1관-14,,
,,사회대,1443,역사속의다문화,2,2-0-0,박재영,역사·철학목(10:00-11:50),사회3관-32,,
,,사회대,1444,영화로만나는종교,3,3-0-0,박종수,역사·철학월(10:30-11:45) | 수(09:00-10:15),사과1관-14,,
,,사회대,1445,"SF,철학을담다",3,3-0-0,안효성,역사·철학월(15:00-16:15) | 수(13:30-14:45),사과1관-14,,
,,사회대,1446,영상으로만나는역사,3,3-0-0,박재영,역사·철학월(15:00-16:15) | 수(13:30-14:45),사과1관-14,,
,,사회대,1447,행복을위한인문학,3,3-0-0,이종주,역사·철학월(13:30-14:45) | 수(15:00-16:15),사회3관-32,,
,,사회대,1448,미중경쟁시대이해,3,3-0-0,김양희,사회·문화화(12:00-13:15) | 목(12:00-13:15),사회3관-33,,
,,사회대,1449,스포츠과학의이해,3,3-0-0,이종삼,과학·기술월(15:00-16:15) | 수(13:30-14:45),사회3관-32,사회과학대학,
균형,1,사회대,1450,영미인문학기행,3,3-0-0,이동춘,문학·예술화(12:00-13:15) | 목(12:00-13:15),사회3관-32,,
,,사회대,1451,정책라이브콘서트,3,3-0-0,서정욱,사회·문화월(09:00-10:15) | 수(10:30-11:45),사과1관-14,,
,,사회대,1452,현대여가와농촌관광,,,의이해 3 3-0-0 이응진,사회·문화화(12:00-13:15) | 목(12:00-13:15),사과1관-15,,보건바이오대학
공통,1,반려동물,1513,DU실용영어(1),2,2-0-0,도날드 그 랜빌,목(12:00-13:50),생과3관-11,글로벌의사 소통,
,,반려동물,1514,DU실용영어(1),2,2-0-0,매리 캐서 린 아리오,목(12:00-13:50),생과3관-14,글로벌의사 소통,
,,반려동물,1515,DU실용영어(1),2,2-0-0,머레이 존 슨,목(12:00-13:50),생과3관-12,글로벌의사 소통,
,,반려동물,1516,DU실용영어(1),2,2-0-0,레슬리 멕 코이,목(12:00-13:50),생과3관-14,글로벌의사 소통,
,,반려동물,1517,AI시대대학생활(1),1,1-0-0,김으뜸,인성(필)목(14:00-14:50),생과3관-13,,
,,반려동물,1518,AI시대대학생활(1),1,1-0-0,곽호현,인성(필)목(14:00-14:50),생과3관-13,,보건의료정 보
,,,1519,DU실용영어(1),2,2-0-0,크롤리 제 니퍼 루이,월(10:00-11:50),생과1관-11,글로벌의사 소통,보건의료정 보
,,,1520,DU실용영어(1),2,2-0-0,로리존스 폴,월(10:00-11:50),생과1관-14,글로벌의사 소통,
,,보건의료,1521,AI시대대학생활(1),1,1-0-0,장원구 인성(필),,,,
,,보건의료,1522,AI시대대학생활(1),1,1-0-0,황진섭 인성(필),,,,
,,보건의료,1523,AI시대대학생활(1),1,1-0-0,박종호 인성(필) 난임의료산 업,,,,
,,,1524,DU실용영어(1),2,2-0-0,로리존스 폴,월(14:00-15:50),생과1관-11,글로벌의사 소통,난임의료산 업
,,,1525,DU실용영어(1),2,2-0-0,레이날도 라모스,월(14:00-15:50),생과1관-14,글로벌의사 소통,난임의료산 업
,,,1526,AI시대대학생활(1),1,1-0-0,구덕본,인성(필)화(13:00-13:50),공학2관-22,,보건바이오 대학
,,,1527,DU사랑빛자유프로,,,젝트 2 2-0-0 지영임,인성화(13:00-14:50),생과2관-14,,보건바이오 대학
,,,1528,DU사랑빛자유프로,,,젝트 2 2-0-0 전용숙,인성수(10:00-11:50),생과2관-14,,보건바이오 대학
,,,1529,DU사랑빛자유프로,,,젝트 2 2-0-0 박지은,인성목(14:00-15:50),생과2관-14,,보건바이오 대학
,,,1530,DU사랑빛자유프로,,,젝트 2 2-0-0 이소영,인성수(14:00-15:50),생과2관-14,,보건바이오 대학
,,,1531,DU사랑빛자유프로,,,젝트 2 2-0-0 하영명,인성월(10:00-11:50),생과2관-14,,
,,식품가공,1561,DU실용영어(1),2,2-0-0,저스틴케 니,수(14:00-15:50),생과1관-11,글로벌의사 소통,
,,식품가공,1562,DU실용영어(1),2,2-0-0,패트릭 에 간,수(14:00-15:50),생과1관-14,글로벌의사 소통,
,,식품가공,1563,AI시대대학생활(1),1,1-0-0,김성호 인성(필),,,,
,,식품가공,1564,AI시대대학생활(1),1,1-0-0,임무혁 인성(필),,,,
,,식품가공,1565,AI시대대학생활(1),1,1-0-0,김태훈 인성(필),,,,
,,응급구조,1566,DU실용영어(1),2,2-0-0,로리존스 폴,수(10:00-11:50),생과2관-12,글로벌의사 소통,
,,응급구조,1567,DU실용영어(1),2,2-0-0,애덤 탐슨,수(10:00-11:50),생과2관-14,글로벌의사 소통,
,,응급구조,1568,DU실용영어(1),2,2-0-0,에릭 내쉬,수(10:00-11:50),생과2관-11,글로벌의사 소통,
,,응급구조,1569,AI시대대학생활(1),1,1-0-0,김태진,인성(필)목(17:00-17:50),공학1관-15,,보건바이오대학
공통,1,응급구조,1570,AI시대대학생활(1),1,1-0-0,하달수,인성(필)목(17:00-17:50),공학3관-35,,
,,응급구조,1571,AI시대대학생활(1),1,1-0-0,강민주,인성(필)목(17:00-17:50),공학3관-34,,
,,응급구조,1572,AI시대대학생활(1),1,1-0-0,김아정,인성(필)목(17:00-17:50),공학1관-13,,
,,스마트원예,1573,DU실용영어(1),2,2-0-0,크리스토 퍼 마틴 워,수(12:00-13:50),생과3관-11,글로벌의사 소통,
,,스마트원예,1574,DU실용영어(1),2,2-0-0,애덤 탐슨,수(12:00-13:50),생과3관-12,글로벌의사 소통,
,,스마트원예,1575,AI시대대학생활(1),1,1-0-0,박태호,인성(필)목(12:00-12:50),생과5관-24,,
,,스마트원예,1576,AI시대대학생활(1),1,1-0-0,사공동훈,인성(필)목(12:00-12:50),생과5관-24,,
,,스마트원예,1577,AI시대대학생활(1),1,1-0-0,김영선,인성(필)목(12:00-12:50),생과5관-23,,
,,동물,1578,DU실용영어(1),2,2-0-0,레슬리 멕 코이,화(12:00-13:50),생과3관-11,글로벌의사 소통,
,,동물,1579,DU실용영어(1),2,2-0-0,저스틴케 니,화(12:00-13:50),생과3관-12,글로벌의사 소통,
,,동물,1580,AI시대대학생활(1),1,1-0-0,강석남,인성(필)월(13:00-13:50),생과3관-12,,
,,동물,1581,AI시대대학생활(1),1,1-0-0,김원섭,인성(필)월(13:00-13:50),생과3관-12,,
,,동물,1582,AI시대대학생활(1),1,1-0-0,원승건,인성(필)월(13:00-13:50),생과3관-11,,
,,동물,1583,AI시대대학생활(1),1,1-0-0,홍창수,인성(필)월(13:00-13:50),생과3관-13,,2 보건바이오 대학
,,,1532,DU글로벌소통영어,2,2-0-0,마틴 리즈 웨이,화(10:00-11:50),생과1관-14,글로벌의사 소통,보건바이오 대학
,,,1533,DU실무영어,2,2-0-0,크리스토 퍼 리차드,수(10:00-11:50),생과3관-11,글로벌의사 소통,교직 2 보건바이오 대학
,,,1536,교육사회,2,1-0-1,이민경 합)공공인 재,화(13:00-14:50),사범1관-12,,보건바이오 대학
,,,1537,교육심리,2,2-0-0,이미순 합)공공인 재,월(11:00-12:50),사범1관-13,,보건바이오 대학
,,,1538,교육철학및교육사,2,2-0-0,합)공공인 재,월(13:00-14:50),사범1관-13,,보건바이오 대학
,,,1540,교육학개론,2,2-0-0,안준희 합)공공인 재,목(10:00-11:50),사범1관-12,,보건바이오 대학
,,,1542,특수교육학개론,2,1-0-1,합)공공인 재,수(14:00-15:50),사범1관-13,,보건바이오 대학
,,,1546,디지털교육,1,1-0-0,김현준 합)공공인 재,수(14:00-14:50),사범1관-13,,3 보건바이오 대학
,,,1534,교육과정,2,1-0-1,김혜나 합)공공인 재,수(13:00-14:50),사범1관-12,,보건바이오 대학
,,,1535,교육방법및교육공학,2,1-0-1,오정숙 합)공공인 재,화(11:00-12:50),사범1관-13,,보건바이오 대학
,,,1539,교육평가,2,1-0-1,김혜숙 합)공공인 재,월(13:00-14:50),사범1관-13,,보건바이오 대학
,,,1541,교육행정및교육경영,2,1-0-1,김민희 합)공공인 재,월(11:00-12:50),사범1관-13,,보건바이오 대학
,,,1544,교직실무,1,0-0-1,이정훈 합)공공인 재,목(14:00-14:50),사범1관-13,,보건바이오 대학
,,,1545,학교폭력예방및학생,,,의이해 2 2-0-0 문주연 합)공공인 재,수(13:00-14:50),사범1관-13,,보건바이오대학 교직 4 보건바이오 대학
,,,1543,학교현장실습(중등),2,2-0-0,1,,미지정미지정,균형,보건바이오 대학
,,,1547,컴퓨터개론,3,3-0-0,정규만,과학·기술월(16:30-17:45) | 수(16:30-17:45),생과1관-14,,보건바이오 대학
,,,1548,세계를보는세가지시,,,선 3 3-0-0 원효식,사회·문화화(13:30-14:45) | 목(15:00-16:15),생과3관-13,,보건바이오 대학
,,,1549,인문학과과학기술,3,3-0-0,박붕익,과학·기술화(13:30-14:45) | 목(15:00-16:15),생과1관-14,,보건바이오 대학
,,,1550,고전과현대문화,3,3-0-0,김민규,화(13:30-14:45) | 목(15:00-16:15),생과2관-11,문학·예술,블렌디드러 닝 보건바이오 대학
,,,1551,사회과학의탄생,3,3-0-0,박치현,사회·문화화(15:00-16:15) | 목(13:30-14:45),생과1관-14,,보건바이오 대학
,,,1552,디지털기술과미래사,,,회 3 3-0-0 박붕익,과학·기술화(15:00-16:15) | 목(13:30-14:45),생과3관-12,,보건바이오 대학
,,,1553,과학기술사회,3,3-0-0,이용승,과학·기술화(13:30-14:45) | 목(15:00-16:15),생과3관-12,,보건바이오 대학
,,,1554,문명과과학기술,2,2-0-0,김현숙,과학·기술월(10:00-11:50),생과1관-14,,보건바이오 대학
,,,1555,야생동물과인간,3,3-0-0,조영석,과학·기술월(16:30-17:45) | 수(16:30-17:45),사범3관-31,,보건바이오 대학
,,,1556,"음악,영화를만나다",3,3-0-0,공정원,문학·예술월(09:00-10:15) | 월(10:30-11:45),생과3관-11,,보건바이오 대학
,,,1557,문화콘텐츠속과학이,,,야기 2 2-0-0 박지은,과학·기술수(10:00-11:50),생과1관-14,,보건바이오 대학
,,,1558,인공지능과나의미래,2,2-0-0,이덕균,과학·기술목(10:00-11:50),생과1관-14,,보건바이오 대학
,,,1559,이차전지소개,3,3-0-0,권영환,과학·기술월(16:30-17:45) | 수(16:30-17:45),생과3관-12,,IT·공과대학
공통,1,건축,1584,DU실용영어(1),2,2-0-0,머레이 존 슨,목(14:00-15:50),공학1관-13,글로벌의사 소통,
,,건축,1585,DU실용영어(1),2,2-0-0,조슈아 애 론,목(14:00-15:50),공학1관-15,글로벌의사 소통,
,,건축,1586,DU실용영어(1),2,2-0-0,트레버 매 튜 심,목(14:00-15:50),공학1관-15,글로벌의사 소통,
,,건축,1587,AI시대대학생활(1),1,1-0-0,안성훈,인성(필)월(15:00-15:50),공학1관-14,,
,,건축,1588,AI시대대학생활(1),1,1-0-0,권제중,인성(필)월(15:00-15:50),공학1관-14,,
,,건축,1589,AI시대대학생활(1),1,1-0-0,강수태,인성(필)월(15:00-15:50),공학1관-15,,
,,건축,1590,AI시대대학생활(1),1,1-0-0,김윤곤,인성(필)월(15:00-15:50),공학1관-13,,
,,건축,1591,AI시대대학생활(1),1,1-0-0,김준우,인성(필)월(15:00-15:50),공학1관-14,,친환경에너 지
,,,1592,DU실용영어(1),2,2-0-0,리치 루바,월(14:00-15:50),공학1관-13,글로벌의사 소통,친환경에너 지
,,,1593,AI시대대학생활(1),1,1-0-0,조성준,인성(필)화(12:00-12:50),생과1관-14,,친환경에너 지
,,,1594,AI시대대학생활(1),1,1-0-0,권영환,인성(필)화(12:00-12:50),생과1관-11,,친환경에너 지
,,,1595,AI시대대학생활(1),1,1-0-0,김헌정,인성(필)화(12:00-12:50),생과1관-14,,친환경에너 지
,,,1596,AI시대대학생활(1),1,1-0-0,정혜경,인성(필)화(12:00-12:50),생과1관-11,,조경산림정 원
,,,1597,DU실용영어(1),2,2-0-0,에리티 다 니엘 크리,화(14:00-15:50),공학1관-13,글로벌의사 소통,조경산림정 원
,,,1598,DU실용영어(1),2,2-0-0,잭슨 윌리 엄 매튜 로,화(14:00-15:50),공학1관-15,글로벌의사 소통,조경산림정 원
,,,1599,AI시대대학생활(1),1,1-0-0,김영표 인성(필),*필수교양월(12:00-12:50),공학3관-35,,조경산림정 원
,,,1600,AI시대대학생활(1),1,1-0-0,이우성 인성(필),*필수교양월(12:00-12:50),공학3관-34,,조경산림정 원
,,,1601,AI시대대학생활(1),1,1-0-0,조현주 인성(필),*필수교양월(12:00-12:50),공학3관-35,,조경산림정 원
,,,1602,AI시대대학생활(1),1,1-0-0,김동엽 인성(필),*필수교양월(12:00-12:50),생과3관-14,,조경산림정 원
,,,1603,AI시대대학생활(1),1,1-0-0,박영대 인성(필),*필수교양월(12:00-12:50),생과3관-14,,조경산림정 원
,,,1604,AI시대대학생활(1),1,1-0-0,이덕재 인성(필),*필수교양월(12:00-12:50),생과3관-14,,소방안전방 재
,,,1605,DU실용영어(1),2,2-0-0,저스틴케 니,화(14:00-15:50),공학1관-15,글로벌의사 소통,소방안전방 재
,,,1606,DU실용영어(1),2,2-0-0,트레버 매 튜 심,화(14:00-15:50),공학1관-15,글로벌의사 소통,소방안전방 재
,,,1607,AI시대대학생활(1),1,1-0-0,박효근,인성(필)목(11:00-11:50),공학1관-15,,소방안전방 재
,,,1608,AI시대대학생활(1),1,1-0-0,이영우,인성(필)목(11:00-11:50),공학1관-16,,소방안전방 재
,,,1609,AI시대대학생활(1),1,1-0-0,손무락,인성(필)목(11:00-11:50),공학1관-15,,소방안전방 재
,,,1610,AI시대대학생활(1),1,1-0-0,이성호,인성(필)목(11:00-11:50),공학3관-34,,소방안전방 재
,,,1611,AI시대대학생활(1),1,1-0-0,이의종,인성(필)목(11:00-11:50),공학6관-64,,IT·공과대학 공통 1 반도체전자 공학
,,,1612,DU실용영어(1),2,2-0-0,윌리엄 샤 프,1.전문교양화(14:00-15:50),공학7관-74,글로벌의사 소통,반도체전자 공학
,,,1613,DU실용영어(1),2,2-0-0,리치 루바,1.전문교양화(14:00-15:50),공학7관-74,글로벌의사 소통,반도체전자 공학
,,,1614,AI시대대학생활(1),1,1-0-0,이동화,인성(필)화(13:00-13:50),공학5관-53,,반도체전자 공학
,,,1615,AI시대대학생활(1),1,1-0-0,박철영,인성(필)화(13:00-13:50),공학5관-53,,반도체전자 공학
,,,1616,AI시대대학생활(1),1,1-0-0,류정탁,인성(필)화(13:00-13:50),공학5관-53,,반도체전자 공학
,,,1617,AI시대대학생활(1),1,1-0-0,김경기,인성(필)화(13:00-13:50),공학7관-72,,반도체전자 공학
,,,1618,AI시대대학생활(1),1,1-0-0,문현원,인성(필)화(13:00-13:50),공학7관-72,,반도체전자 공학
,,,1619,AI시대대학생활(1),1,1-0-0,정현,인성(필)화(13:00-13:50),공학5관-53,,
,,전기,1620,DU실용영어(1),2,2-0-0,레이날도 라모스,화(14:00-15:50),공학7관-75,글로벌의사 소통,
,,전기,1621,DU실용영어(1),2,2-0-0,데렉 메이 슨,화(14:00-15:50),공학7관-76,글로벌의사 소통,
,,전기,1622,AI시대대학생활(1),1,1-0-0,정재우,인성(필)화(12:00-12:50),공학5관-53,,
,,전기,1623,AI시대대학생활(1),1,1-0-0,도용태,인성(필)화(12:00-12:50),공학5관-53,,
,,전기,1624,AI시대대학생활(1),1,1-0-0,최병재,인성(필)화(12:00-12:50),공학5관-53,,
,,전기,1625,AI시대대학생활(1),1,1-0-0,유성은,인성(필)화(12:00-12:50),공학5관-56,,
,,전기,1626,AI시대대학생활(1),1,1-0-0,정영호,인성(필)화(12:00-12:50),공학5관-56,,
,,컴퓨터공학,1627,DU실용영어(1),2,2-0-0,레슬리 멕 코이,목(14:00-15:50),공학7관-74,글로벌의사 소통,
,,컴퓨터공학,1628,DU실용영어(1),2,2-0-0,아이리쉬 새그먼,목(14:00-15:50),공학7관-74,글로벌의사 소통,
,,컴퓨터공학,1629,DU실용영어(1),2,2-0-0,케빈 스콧 갤브래스,목(14:00-15:50),공학7관-75,글로벌의사 소통,
,,컴퓨터공학,1630,AI시대대학생활(1),1,1-0-0,강병도,인성(필)화(13:00-13:50),공학7관-76,,
,,컴퓨터공학,1631,AI시대대학생활(1),1,1-0-0,강신재,인성(필)화(13:00-13:50),공학7관-77,,
,,컴퓨터공학,1632,AI시대대학생활(1),1,1-0-0,김순철,인성(필)화(13:00-13:50),공학7관-75,,
,,컴퓨터공학,1633,AI시대대학생활(1),1,1-0-0,김종완,인성(필)화(13:00-13:50),공학7관-75,,
,,컴퓨터공학,1634,AI시대대학생활(1),1,1-0-0,김지연,인성(필)화(13:00-13:50),공학7관-77,,
,,컴퓨터공학,1635,AI시대대학생활(1),1,1-0-0,남흥우,인성(필)화(13:00-13:50),공학7관-74,,
,,사이버보안,1636,DU실용영어(1),2,2-0-0,뉴옌챈트 루,월(14:00-15:50),공학7관-74,글로벌의사 소통,
,,사이버보안,1637,DU실용영어(1),2,2-0-0,도날드 그 랜빌,월(14:00-15:50),공학7관-74,글로벌의사 소통,
,,사이버보안,1638,AI시대대학생활(1),1,1-0-0,홍원기,인성(필)화(12:00-12:50),공학7관-76,,
,,사이버보안,1639,AI시대대학생활(1),1,1-0-0,최용호,인성(필)수(12:00-12:50),공학7관-77,,IT·공과대학
공통,1,사이버보안,1640,AI시대대학생활(1),1,1-0-0,유준혁,인성(필)화(12:00-12:50),공학7관-74,,
,,사이버보안,1641,AI시대대학생활(1),1,1-0-0,김창훈,인성(필)화(12:00-12:50),공학7관-77,,
,,소프트웨어,1642,DU실용영어(1),2,2-0-0,데렉 메이 슨,목(14:00-15:50),공학7관-76,글로벌의사 소통,
,,소프트웨어,1643,DU실용영어(1),2,2-0-0,도날드 그 랜빌,목(14:00-15:50),공학5관-51,글로벌의사 소통,
,,소프트웨어,1644,AI시대대학생활(1),1,1-0-0,김수연,인성(필)화(12:00-12:50),공학7관-76,,
,,소프트웨어,1645,AI시대대학생활(1),1,1-0-0,원희철,인성(필)화(12:00-12:50),공학7관-75,,
,,소프트웨어,1646,AI시대대학생활(1),1,1-0-0,장중혁,인성(필)화(12:00-12:50),공학7관-77,,
,,소프트웨어,1647,AI시대대학생활(1),1,1-0-0,진성근,인성(필)화(12:00-12:50),공학7관-75,,
,,소프트웨어,1648,AI시대대학생활(1),1,1-0-0,오유수,인성(필)화(12:00-12:50),공학7관-75,,
,,소프트웨어,1649,AI시대대학생활(1),1,1-0-0,이미란,인성(필)화(12:00-12:50),공학7관-77,,
,,기계자동차,1650,DU실용영어(1),2,2-0-0,크리스토 퍼 마틴 워,수(10:00-11:50),공학1관-13,글로벌의사 소통,
,,기계자동차,1651,DU실용영어(1),2,2-0-0,에리티 다 니엘 크리,수(10:00-11:50),공학1관-15,글로벌의사 소통,
,,기계자동차,1652,DU실용영어(1),2,2-0-0,저스틴케 니,수(10:00-11:50),공학1관-13,글로벌의사 소통,
,,기계자동차,1653,DU실용영어(1),2,2-0-0,리치 루바,수(10:00-11:50),공학1관-15,글로벌의사 소통,
,,기계자동차,1654,DU실용영어(1),2,2-0-0,마이클 파 을,수(10:00-11:50),공학1관-15,글로벌의사 소통,
,,기계자동차,1655,AI시대대학생활(1),1,1-0-0,박철재,인성(필)화(12:00-12:50),공학3관-32,,
,,기계자동차,1656,AI시대대학생활(1),1,1-0-0,조현우,인성(필)화(12:00-12:50),공학3관-34,,
,,기계자동차,1657,AI시대대학생활(1),1,1-0-0,윤강섭,인성(필)화(12:00-12:50),공학6관-63,,
,,기계자동차,1658,AI시대대학생활(1),1,1-0-0,윤재웅,인성(필)화(12:00-12:50),공학6관-64,,
,,기계자동차,1659,AI시대대학생활(1),1,1-0-0,김세호,인성(필)화(12:00-12:50),공학6관-62,,
,,기계자동차,1660,AI시대대학생활(1),1,1-0-0,윤정환,인성(필)화(12:00-12:50),공학6관-65,,
,,기계자동차,1661,AI시대대학생활(1),1,1-0-0,유재현,인성(필)화(12:00-12:50),공학6관-62,,
,,기계자동차,1662,AI시대대학생활(1),1,1-0-0,김홍석,인성(필)화(12:00-12:50),공학6관-64,,
,,기계자동차,1663,AI시대대학생활(1),1,1-0-0,이재현,인성(필)화(12:00-12:50),공학6관-62,,
,,기계자동차,1664,AI시대대학생활(1),1,1-0-0,황우석,인성(필)화(12:00-12:50),공학6관-63,,
,,기계자동차,1665,AI시대대학생활(1),1,1-0-0,김종환,인성(필)화(12:00-12:50),공학6관-63,,반도체전자 공학
,,,1666,일본어,2,2-0-0,김봉정,3.전문교양화(10:00-11:50),공학5관-51,글로벌의사 소통,
,,건축,1680,AI글쓰기기초,2,2-0-0,조익성 사고와표현 (필),화(14:00-15:50),공학2관-21,,IT·공과대학
공통,1,건축,1681,AI글쓰기기초,2,2-0-0,박지은 사고와표현 (필),화(14:00-15:50),공학2관-22,,소방안전방 재조경산림
,,,1682,AI글쓰기기초,2,2-0-0,최영태 사고와표현 (필),목(14:00-15:50),공학2관-22,,소방안전방 재조경산림
,,,1683,AI글쓰기기초,2,2-0-0,전용숙 사고와표현 (필),목(14:00-15:50),공학2관-22,,소방안전방 재조경산림
,,,1684,AI글쓰기기초,2,2-0-0,홍수영 사고와표현 (필),목(14:00-15:50),공학2관-23,,
,,기계자동차,1685,AI글쓰기기초,2,2-0-0,사고와표현,월(10:00-11:50),박호관 공학2관-22,,(필)
,,기계자동차,1686,AI글쓰기기초,2,2-0-0,최영태 사고와표현 (필),월(10:00-11:50),공학2관-22,,
,,기계자동차,1687,AI글쓰기기초,2,2-0-0,민병욱 사고와표현 (필),월(10:00-11:50),공학2관-21,,
,,식품,1688,AI글쓰기기초,2,2-0-0,민병욱 사고와표현 (필),수(14:00-15:50),공학2관-21,,친환경에너 지사이버보
,,,1689,AI글쓰기기초,2,2-0-0,양승권 사고와표현 (필),수(14:00-15:50),생과2관-14,,친환경에너 지사이버보
,,,1690,AI글쓰기기초,2,2-0-0,홍진석 사고와표현 (필),수(14:00-15:50),공학5관-51,,반도체전자 공학전기
,,,1691,AI글쓰기기초,2,2-0-0,민병욱 사고와표현 (필),목(14:00-15:50),공학5관-51,,반도체전자 공학전기
,,,1692,AI글쓰기기초,2,2-0-0,사고와표현,목(14:00-15:50),박호관 공학5관-51,,(필) 반도체전자 공학전기
,,,1693,AI글쓰기기초,2,2-0-0,양종근 사고와표현 (필),목(14:00-15:50),공학7관-77,,컴퓨터공학 소프트웨어
,,,1694,AI글쓰기기초,2,2-0-0,박은하 사고와표현 (필),화(14:00-15:50),공학5관-51,,컴퓨터공학 소프트웨어
,,,1695,AI글쓰기기초,2,2-0-0,권동우 사고와표현 (필),화(14:00-15:50),공학5관-51,,컴퓨터공학 소프트웨어
,,,1696,AI글쓰기기초,2,2-0-0,사고와표현 (필),화(14:00-15:50),공학7관-77,,이상옥
,,식품,1737,DU실용영어(1),2,2-0-0,앤드류 캔 디,월(14:00-15:50),공학1관-13,글로벌의사 소통,
,,식품,1738,DU실용영어(1),2,2-0-0,도란 코너 마이클,월(14:00-15:50),공학1관-15,글로벌의사 소통,
,,식품,1739,AI시대대학생활(1),1,1-0-0,배현주,인성(필)목(11:00-11:50),공학3관-37,,
,,식품,1740,AI시대대학생활(1),1,1-0-0,이정희,인성(필)목(11:00-11:50),공학3관-36,,
,,식품,1741,AI시대대학생활(1),1,1-0-0,부소영,인성(필)목(11:00-11:50),공학3관-36,,
,,식품,1742,AI시대대학생활(1),1,1-0-0,김윤희,인성(필)목(11:00-11:50),공학3관-37,,2 IT·공과대
,,,1667,빅컨셉+,2,2-0-0,김영진,사고와표현화(10:00-11:50),공학2관-24,,IT·공과대
,,,1668,빅컨셉+,2,2-0-0,이종주,사고와표현수(10:00-11:50),공학2관-24,,IT·공과대
,,,1669,빅컨셉+,2,2-0-0,김영진,사고와표현목(10:00-11:50),공학2관-24,,IT·공과대
,,,1670,빅컨셉+,2,2-0-0,최정인,사고와표현금(10:00-11:50),공학2관-23,,IT·공과대
,,,1671,빅컨셉+,2,2-0-0,IT·공과대,사고와표현월(14:00-15:50),공학2관-24,,이상진
,,,1672,빅컨셉+,2,2-0-0,이주희,사고와표현수(14:00-15:50),공학2관-24,,IT·공과대학 공통 2 IT·공과대
,,,1673,빅컨셉+,2,2-0-0,김영진,사고와표현월(10:00-11:50),공학7관-74,,IT·공과대
,,,1674,빅컨셉+,2,2-0-0,조혜경,사고와표현수(14:00-15:50),공학7관-74,,IT·공과대
,,,1675,빅컨셉+,2,2-0-0,홍수영,사고와표현화(12:00-13:50),공학7관-74,,IT·공과대
,,,1676,빅컨셉+,2,2-0-0,IT·공과대,사고와표현수(12:00-13:50),공학7관-74,,이상진
,,,1677,빅컨셉+,2,2-0-0,IT·공과대,사고와표현목(12:00-13:50),공학7관-74,,이상진
,,,1678,빅컨셉+,2,2-0-0,양승권 사고와표현,월(16:00-17:50),공학7관-74,,블렌디드러 닝 IT·공과대
,,,1679,빅컨셉+,2,2-0-0,홍수영,사고와표현화(10:00-11:50),공학7관-74,,교직 2 IT·공과대
,,,1699,교육사회,2,1-0-1,이민경 합)공공인 재,화(13:00-14:50),사범1관-12,,IT·공과대
,,,1700,교육심리,2,2-0-0,이미순 합)공공인 재,월(11:00-12:50),사범1관-13,,IT·공과대
,,,1701,교육철학및교육사,2,2-0-0,합)공공인 재,월(13:00-14:50),사범1관-13,,IT·공과대
,,,1703,교육학개론,2,2-0-0,안준희 합)공공인 재,목(10:00-11:50),사범1관-12,,IT·공과대
,,,1706,특수교육학개론,2,1-0-1,합)공공인 재,수(14:00-15:50),사범1관-13,,IT·공과대
,,,1711,디지털교육,1,1-0-0,김현준 합)공공인 재,수(14:00-14:50),사범1관-13,,3 IT·공과대
,,,1697,교육과정,2,1-0-1,김혜나 합)공공인 재,수(13:00-14:50),사범1관-12,,IT·공과대
,,,1698,교육방법및교육공학,2,1-0-1,오정숙 합)공공인 재,화(11:00-12:50),사범1관-13,,IT·공과대
,,,1702,교육평가,2,1-0-1,김혜숙 합)공공인 재,월(13:00-14:50),사범1관-13,,IT·공과대
,,,1704,교육행정및교육경영,2,1-0-1,김민희 합)공공인 재,월(11:00-12:50),사범1관-13,,IT·공과대
,,,1709,교직실무,1,0-0-1,이정훈 합)공공인 재,목(14:00-14:50),사범1관-13,,IT·공과대
,,,1710,학교폭력예방및학생,,,의이해 2 2-0-0 문주연 합)공공인 재,수(13:00-14:50),사범1관-13,,4 IT·공과대
,,,1705,산업체현장실습,0,0-0-0,IT·공과대,,미지정미지정,,
,,,1707,학교현장실습(영양),2,2-0-0,IT·공과대,,미지정미지정,,
,,,1708,학교현장실습(중등),2,2-0-0,1,,미지정미지정,균형,반도체전자 공학
,,,1712,일반물리(1),3,3-0-0,이동화,1.MSC(S)월(10:30-11:45) | 수(09:00-10:15),공학5관-52,과학·기술,IT·공과대
,,,1713,생활속의화학,3,3-0-0,김은주,과학·기술화(12:00-13:15) | 목(12:00-13:15),공학1관-02,,반도체전자 공학
,,,1714,공학윤리,3,3-0-0,김경기,1.전문교양월(13:30-14:45) | 수(15:00-16:15),공학5관-51,사회·문화,반도체전자 공학
,,,1715,기초수학(1),3,3-0-0,남세현,1.MSC(M)월(15:00-16:15) | 수(13:30-14:45),공학5관-51,과학·기술,IT·공과대
,,,1716,인문학과과학기술,3,3-0-0,박붕익,과학·기술월(16:30-17:45) | 수(16:30-17:45),공학1관-02,,IT·공과대
,,,1717,사회과학의탄생,3,3-0-0,민병욱,사회·문화월(12:00-13:15) | 수(12:00-13:15),공학2관-23,균형,IT·공과대학 1 IT·공과대
,,,1718,디지털기술과미래사,,,회 3 3-0-0 박붕익,과학·기술월(13:30-14:45) | 수(15:00-16:15),공학1관-02,,IT·공과대
,,,1719,과학기술사회,3,3-0-0,박지은,과학·기술월(12:00-13:15) | 수(12:00-13:15),공학1관-02,,IT·공과대
,,,1720,성과생명과학,3,3-0-0,구덕본,과학·기술월(12:00-13:15) | 수(12:00-13:15),공학1관-02,,IT·공과대
,,,1721,세계의도시와공간,3,3-0-0,한정희,사회·문화화(16:30-17:45) | 목(16:30-17:45),공학1관-02,,IT·공과대
,,,1722,역사속의다문화,2,2-0-0,박재영,역사·철학화(10:00-11:50),공학2관-23,,IT·공과대
,,,1723,AI시대기술과윤리,3,3-0-0,김현숙,월(12:00-13:15) | 수(12:00-13:15),공학5관-52,과학·기술,블렌디드러 닝 IT·공과대
,,,1724,환경위기와인류,3,3-0-0,정나리,월(13:30-14:45) | 수(15:00-16:15),공학5관-53,사회·문화,블렌디드러 닝 IT·공과대
,,,1725,문화콘텐츠속과학이,,,야기 2 2-0-0 박지은,과학·기술월(10:00-11:50),공학1관-02,,IT·공과대
,,,1726,인공지능과나의미래,2,2-0-0,이덕균,과학·기술수(10:00-11:50),공학1관-02,,IT·공과대
,,,1727,영토와영유권분쟁그,,,리고독도 3 3-0-0 최장근,사회·문화월(12:00-13:15) | 수(12:00-13:15),공학5관-53,디자인예술대학,공통 1 웹툰영상애 니메이션
,,,1743,DU실용영어(1),2,2-0-0,뉴옌챈트 루,화(10:00-11:50),디예1관-13,글로벌의사 소통,웹툰영상애 니메이션
,,,1744,DU실용영어(1),2,2-0-0,에릭 내쉬,화(10:00-11:50),디예5관-13,글로벌의사 소통,웹툰영상애 니메이션
,,,1745,DU실용영어(1),2,2-0-0,조셉 데븐 포트,화(10:00-11:50),디예5관-13,글로벌의사 소통,웹툰영상애 니메이션
,,,1746,DU실용영어(1),2,2-0-0,조셉 데븐 포트,목(10:00-11:50),디예1관-13,글로벌의사 소통,웹툰영상애 니메이션
,,,1747,DU실용영어(1),2,2-0-0,아이리쉬 새그먼,목(10:00-11:50),디예5관-13,글로벌의사 소통,웹툰영상애 니메이션
,,,1748,AI시대대학생활(1),1,1-0-0,김정환,인성(필)화(11:00-11:50),디예1관-14,,웹툰영상애 니메이션
,,,1749,AI시대대학생활(1),1,1-0-0,오진희,인성(필)금(11:00-11:50),디예1관-14,,웹툰영상애 니메이션
,,,1750,AI시대대학생활(1),1,1-0-0,최민규,인성(필)목(11:00-11:50),디예1관-14,,웹툰영상애 니메이션
,,,1751,AI시대대학생활(1),1,1-0-0,임윤수,인성(필)월(11:00-11:50),디예1관-14,,웹툰영상애 니메이션
,,,1752,AI시대대학생활(1),1,1-0-0,김정우,인성(필)금(11:00-11:50),디예1관-14,,
,,시각,1753,DU실용영어(1),2,2-0-0,매리 캐서 린 아리오,화(16:00-17:50),디예1관-13,글로벌의사 소통,
,,시각,1754,DU실용영어(1),2,2-0-0,패트릭 에 간,화(16:00-17:50),디예5관-13,글로벌의사 소통,
,,시각,1755,AI시대대학생활(1),1,1-0-0,"최영 인성(필) *A,",시각화(11:00-11:50),디예1관-11,,
,,시각,1756,AI시대대학생활(1),1,1-0-0,"엄기서 인성(필) *B,",시각화(11:00-11:50),디예2관-23,,
,,시각,1757,AI시대대학생활(1),1,1-0-0,"한동균 인성(필) *C,",시각화(11:00-11:50),디예2관-22,,
,,시각,1758,AI시대대학생활(1),1,1-0-0,"장창식 인성(필) *D,",시각화(11:00-11:50),디예2관-23,,서비스마케 팅
,,,1759,DU실용영어(1),2,2-0-0,도날드 그 랜빌,수(10:00-11:50),디예1관-13,글로벌의사 소통,서비스마케 팅
,,,1760,DU실용영어(1),2,2-0-0,패트릭트 래블스,수(10:00-11:50),디예5관-13,글로벌의사 소통,서비스마케 팅
,,,1761,AI시대대학생활(1),1,1-0-0,김수완,인성(필)수(13:00-13:50),디예3관-32,,
,,산디,1762,DU실용영어(1),2,2-0-0,패트릭 에 간,월(14:00-15:50),디예1관-13,글로벌의사 소통,
,,산디,1763,DU실용영어(1),2,2-0-0,조셉 데븐 포트,월(14:00-15:50),디예5관-13,글로벌의사 소통,
,,산디,1764,AI시대대학생활(1),1,1-0-0,최형문,인성(필)수(12:00-12:50),디예1관-13,,
,,패션,1765,DU실용영어(1),2,2-0-0,이스릴엠 쿠다스,화(16:00-17:50),디예5관-13,글로벌의사 소통,
,,패션,1766,DU실용영어(1),2,2-0-0,레슬리 멕 코이,화(16:00-17:50),디예2관-22,글로벌의사 소통,
,,패션,1767,DU실용영어(1),2,2-0-0,조슈아 애 론,화(16:00-17:50),디예2관-23,글로벌의사 소통,
,,패션,1768,AI시대대학생활(1),1,1-0-0,최영림,인성(필)금(12:00-12:50),디예5관-13,,
,,패션,1769,AI시대대학생활(1),1,1-0-0,김소현,인성(필)금(13:00-13:50),디예5관-13,,
,,패션,1770,AI시대대학생활(1),1,1-0-0,임지아,인성(필)월(13:00-13:50),디예5관-12,디자인예술대학,
공통,1,뷰티,1771,DU실용영어(1),2,2-0-0,조슈아 애 론,수(14:00-15:50),디예1관-13,글로벌의사 소통,
,,뷰티,1772,DU실용영어(1),2,2-0-0,케빈 스콧 갤브래스,수(14:00-15:50),디예5관-13,글로벌의사 소통,
,,뷰티,1773,DU실용영어(1),2,2-0-0,이스릴엠 쿠다스,수(14:00-15:50),디예5관-13,글로벌의사 소통,
,,뷰티,1774,AI시대대학생활(1),1,1-0-0,송록영,인성(필)월(17:00-17:50),디예5관-13,,
,,뷰티,1775,AI시대대학생활(1),1,1-0-0,박하늘,인성(필)월(17:00-17:50),디예5관-12,,
,,뷰티,1776,AI시대대학생활(1),1,1-0-0,이영희,인성(필)월(17:00-17:50),디예5관-12,,
,,실건,1777,DU실용영어(1),2,2-0-0,이스릴엠 쿠다스,목(16:00-17:50),디예1관-13,글로벌의사 소통,
,,실건,1778,DU실용영어(1),2,2-0-0,폴 안소니 피오 조이,목(16:00-17:50),디예5관-13,글로벌의사 소통,
,,실건,1779,AI시대대학생활(1),1,1-0-0,정석연,인성(필)수(15:00-15:50),디예5관-13,,
,,실건,1780,AI시대대학생활(1),1,1-0-0,김수정,인성(필)월(15:00-15:50),디예5관-13,,
,,실건,1781,AI시대대학생활(1),1,1-0-0,정경숙,인성(필)수(15:00-15:50),디예5관-13,,
,,실건,1782,AI시대대학생활(1),1,1-0-0,김수홍,인성(필)수(15:00-15:50),디예5관-13,,
,,실건,1783,AI시대대학생활(1),1,1-0-0,오승준,인성(필)수(15:00-15:50),디예5관-13,,
,,게임,1784,DU실용영어(1),2,2-0-0,케빈 스콧 갤브래스,수(16:00-17:50),디예1관-13,글로벌의사 소통,
,,게임,1785,AI시대대학생활(1),1,1-0-0,김시만,인성(필)화(16:00-16:50),디예1관-12,,
,,디예대,1786,DU사랑빛자유프로,,,젝트 2 2-0-0 박지은,인성목(12:00-13:50),디예5관-13,,
,,디예대,1787,DU사랑빛자유프로,,,젝트 2 2-0-0 박지은,인성화(12:00-13:50),디예5관-13,,
,,디예대,1788,DU사랑빛자유프로,,,젝트 2 2-0-0 남중섭,인성수(16:00-17:50),디예5관-13,,
,,디예대,1789,DU사랑빛자유프로,,,젝트 2 2-0-0 조은희,인성화(14:00-15:50),디예5관-13,,
,,디예대,1790,DU사랑빛자유프로,,,젝트 2 2-0-0 지영임,인성월(10:00-11:50),디예5관-13,,
,2,디예대,1791,DU글로벌소통영어,2,2-0-0,마틴 리즈 웨이,월(12:00-13:50),디예1관-13,글로벌의사 소통,
,,디예대,1792,DU글로벌소통영어,2,2-0-0,라포인트 마크 앤드,목(12:00-13:50),디예5관-13,글로벌의사 소통,
,,디예대,1793,DU실무영어,2,2-0-0,테레사 매 나밧,수(12:00-13:50),디예1관-13,글로벌의사 소통,
,,디예대,1794,DU실무영어,2,2-0-0,크리스토 퍼 리차드,목(14:00-15:50),디예1관-13,글로벌의사 소통,
교직,2,디예대,1797,교육사회,2,1-0-1,이민경 합)공공인 재,화(13:00-14:50),사범1관-12,,
,,디예대,1798,교육심리,2,2-0-0,이미순 합)공공인 재,월(11:00-12:50),사범1관-13,,
,,디예대,1799,교육철학및교육사,2,2-0-0,합)공공인 재,월(13:00-14:50),사범1관-13,,
,,디예대,1801,교육학개론,2,2-0-0,안준희 합)공공인 재,목(10:00-11:50),사범1관-12,디자인예술대학,
교직,2,디예대,1803,특수교육학개론,2,1-0-1,합)공공인 재,수(14:00-15:50),사범1관-13,,
,,디예대,1807,디지털교육,1,1-0-0,김현준 합)공공인 재,수(14:00-14:50),사범1관-13,,
,3,디예대,1795,교육과정,2,1-0-1,김혜나 합)공공인 재,수(13:00-14:50),사범1관-12,,
,,디예대,1796,교육방법및교육공학,2,1-0-1,오정숙 합)공공인 재,화(11:00-12:50),사범1관-13,,
,,디예대,1800,교육평가,2,1-0-1,김혜숙 합)공공인 재,월(13:00-14:50),사범1관-13,,
,,디예대,1802,교육행정및교육경영,2,1-0-1,김민희 합)공공인 재,월(11:00-12:50),사범1관-13,,
,,디예대,1805,교직실무,1,0-0-1,이정훈 합)공공인 재,목(14:00-14:50),사범1관-13,,
,,디예대,1806,학교폭력예방및학생,,,의이해 2 2-0-0 문주연 합)공공인 재,수(13:00-14:50),사범1관-13,,
,4,디예대,1804,학교현장실습(중등),2,2-0-0,,,미지정미지정,,
균형,1,디예대,1808,고전과현대문화,3,3-0-0,노우정,화(13:30-14:45) | 목(15:00-16:15),디예2관-22,문학·예술,블렌디드러 닝
,,디예대,1809,문학과예술의사회사,3,3-0-0,윤주한,월(16:30-17:45),디예2관-23,문학·예술,블렌디드러 닝
,,디예대,1810,예술과디지털커뮤니,,,케이션 3 3-0-0 이소영,문학·예술금(09:00-10:15) | 금(10:30-11:45),디예2관-23,,
,,디예대,1811,아름다움이란무엇인,,,가 3 3-0-0 윤주한,문학·예술월(13:30-14:45) | 수(15:00-16:15),디예2관-23,,
,,디예대,1812,21세기한국문학과표,,,현 2 2-0-0 박규준,문학·예술화(10:00-11:50),디예2관-22,,
,,디예대,1813,디지털문화와언어,3,3-0-0,,문학·예술월(12:00-13:15) | 수(12:00-13:15),박호관 디예2관-23,,
,,디예대,1814,"놀이,예술,상상력",2,2-0-0,이소영,목(10:00-11:50),디예2관-22,문학·예술,블렌디드러 닝
,,디예대,1815,DIY미술표현의실제,3,3-0-0,김민규,문학·예술월(16:30-17:45) | 수(16:30-17:45),디예2관-22,,
,,디예대,1816,"시,상상,모험",2,2-0-0,주영중,문학·예술수(10:00-11:50),디예2관-23,,사범대학
공통,1,국교유교,1829,AI글쓰기기초,2,2-0-0,사고와표현,수(10:00-11:50),박호관 사범1관-11,,(필)
,,국교유교,1830,AI글쓰기기초,2,2-0-0,박영식 사고와표현 (필),수(10:00-11:50),사범1관-11,,
,,국교유교,1831,AI글쓰기기초,2,2-0-0,권동우 사고와표현 (필),수(10:00-11:50),사범1관-12,,
,,영교역교,1832,AI글쓰기기초,2,2-0-0,정나리 사고와표현 (필),목(10:00-11:50),사범1관-11,,
,,영교역교,1833,AI글쓰기기초,2,2-0-0,조익성 사고와표현 (필),목(10:00-11:50),사범1관-11,,
,,영교역교,1834,AI글쓰기기초,2,2-0-0,양승권 사고와표현 (필),목(10:00-11:50),사범1관-12,,
,,일사특교,1835,AI글쓰기기초,2,2-0-0,정나리 사고와표현 (필),월(10:00-11:50),사범1관-11,,
,,일사특교,1836,AI글쓰기기초,2,2-0-0,조은희 사고와표현 (필),월(10:00-11:50),사범1관-11,,
,,일사특교,1837,AI글쓰기기초,2,2-0-0,김현정 사고와표현 (필),월(10:00-11:50),사범1관-12,,
,,지리유특,1838,AI글쓰기기초,2,2-0-0,하영명 사고와표현 (필),화(10:00-11:50),사범1관-11,,
,,지리유특,1839,AI글쓰기기초,2,2-0-0,이용승 사고와표현 (필),화(10:00-11:50),사범1관-13,,
,,초특,1840,AI글쓰기기초,2,2-0-0,장승연 사고와표현 (필) 대구본1701,금(14:00-15:50),,,
,,초특,1841,AI글쓰기기초,2,2-0-0,홍진석 사고와표현 (필) 대구본1403,금(14:00-15:50),,,
,,수교지구,1842,AI글쓰기기초,2,2-0-0,민병욱 사고와표현 (필),월(14:00-15:50),사범1관-11,,
,,수교지구,1843,AI글쓰기기초,2,2-0-0,주영중 사고와표현 (필),월(14:00-15:50),사범1관-11,,
,,물교,1844,AI글쓰기기초,2,2-0-0,민병욱 사고와표현 (필),화(14:00-15:50),사범1관-11,,
,,화교,1845,AI글쓰기기초,2,2-0-0,주영중 사고와표현 (필),수(14:00-15:50),사범1관-11,,
,,생교,1846,AI글쓰기기초,2,2-0-0,남중섭 사고와표현 (필),목(14:00-15:50),사범1관-12,,
,,지리유특,1847,AI글쓰기기초,2,2-0-0,양종근 사고와표현 (필),화(10:00-11:50),사범1관-13,,
,,국교,1943,DU실용영어(1),2,2-0-0,에릭 내쉬,월(10:00-11:50),사범1관-12,글로벌의사 소통,
,,국교,1944,DU실용영어(1),2,2-0-0,에리티 다 니엘 크리,월(10:00-11:50),사범1관-12,글로벌의사 소통,
,,국교,1945,AI시대대학생활(1),1,1-0-0,김성진,인성(필)화(17:00-17:50),사범1관-13,,
,,국교,1946,AI시대대학생활(1),1,1-0-0,정인호,인성(필)화(17:00-17:50),사범1관-13,,
,,국교,1947,AI시대대학생활(1),1,1-0-0,박용찬,인성(필)화(17:00-17:50),사범1관-13,,
,,국교,1948,AI시대대학생활(1),1,1-0-0,백순철,인성(필)화(17:00-17:50),사범1관-13,,
,,국교,1949,AI시대대학생활(1),1,1-0-0,이종필,인성(필)화(17:00-17:50),사범1관-14,,
,,국교,1950,AI시대대학생활(1),1,1-0-0,강보선,인성(필)화(17:00-17:50),사범1관-14,,
,,영교,1951,DU실용영어(1),2,2-0-0,위프 로버 트 보이드,화(10:00-11:50),사범1관-11,글로벌의사 소통,사범대학
공통,1,영교,1952,DU실용영어(1),2,2-0-0,마이클 파 을,화(10:00-11:50),사범1관-12,글로벌의사 소통,
,,영교,1953,DU실용영어(1),2,2-0-0,허퍼 덕,화(10:00-11:50),사범1관-12,글로벌의사 소통,
,,영교,1954,AI시대대학생활(1),1,1-0-0,임정완,인성(필)월(17:00-17:50),사범1관-13,,
,,영교,1955,AI시대대학생활(1),1,1-0-0,이민경,인성(필)월(17:00-17:50),사범1관-13,,
,,영교,1956,AI시대대학생활(1),1,1-0-0,강민건,인성(필)월(17:00-17:50),사범1관-13,,
,,영교,1957,AI시대대학생활(1),1,1-0-0,이은석,인성(필)월(17:00-17:50),사범1관-13,,
,,영교,1958,AI시대대학생활(1),1,1-0-0,백지원,인성(필)월(17:00-17:50),사범1관-13,,
,,영교,1959,AI시대대학생활(1),1,1-0-0,,인성(필)월(17:00-17:50),윤관희 사범1관-13,,
,,영교,1960,AI시대대학생활(1),1,1-0-0,류혜경,인성(필)월(17:00-17:50),사범1관-13,,
,,역교,1961,DU실용영어(1),2,2-0-0,에리티 다 니엘 크리,화(10:00-11:50),사범1관-12,글로벌의사 소통,
,,역교,1962,DU실용영어(1),2,2-0-0,로리존스 폴,화(10:00-11:50),사범1관-12,글로벌의사 소통,
,,역교,1963,AI시대대학생활(1),1,1-0-0,신주현,인성(필)월(12:00-12:50),사범1관-14,,
,,역교,1964,AI시대대학생활(1),1,1-0-0,윤재운,인성(필)월(12:00-12:50),사범1관-13,,
,,역교,1965,AI시대대학생활(1),1,1-0-0,장희흥,인성(필)월(12:00-12:50),사범1관-14,,
,,일사,1966,DU실용영어(1),2,2-0-0,머레이 존 슨,수(10:00-11:50),사범1관-12,글로벌의사 소통,
,,일사,1967,DU실용영어(1),2,2-0-0,레이날도 라모스,수(10:00-11:50),사범1관-12,글로벌의사 소통,
,,일사,1968,AI시대대학생활(1),1,1-0-0,김수용,인성(필)목(17:00-17:50),사범1관-14,,
,,일사,1969,AI시대대학생활(1),1,1-0-0,박정호,인성(필)목(17:00-17:50),사범1관-13,,
,,일사,1970,AI시대대학생활(1),1,1-0-0,강운선,인성(필)목(17:00-17:50),사범1관-14,,
,,일사,1971,AI시대대학생활(1),1,1-0-0,이재정,인성(필)목(17:00-17:50),사범1관-14,,
,,지리,1972,DU실용영어(1),2,2-0-0,로리존스 폴,목(10:00-11:50),사범1관-12,글로벌의사 소통,
,,지리,1973,DU실용영어(1),2,2-0-0,잭슨 윌리 엄 매튜 로,목(10:00-11:50),사범1관-12,글로벌의사 소통,
,,지리,1974,AI시대대학생활(1),1,1-0-0,오정준,인성(필)화(17:00-17:50),사범1관-13,,
,,지리,1975,AI시대대학생활(1),1,1-0-0,이영아,인성(필)화(17:00-17:50),사범1관-13,,
,,지리,1976,AI시대대학생활(1),1,1-0-0,이초희,인성(필)화(17:00-17:50),사범1관-13,,
,,지리,1977,AI시대대학생활(1),1,1-0-0,신규전임 교원,인성(필)화(17:00-17:50),사범1관-13,,
,,유교,1978,DU실용영어(1),2,2-0-0,패트릭트 래블스,월(10:00-11:50),사범1관-12,글로벌의사 소통,
,,유교,1979,DU실용영어(1),2,2-0-0,리치 루바,월(10:00-11:50),사범1관-13,글로벌의사 소통,사범대학
공통,1,유교,1980,AI시대대학생활(1),1,1-0-0,신금호,인성(필)월(17:00-17:50),사범1관-14,,
,,유교,1981,AI시대대학생활(1),1,1-0-0,장혜진,인성(필)월(17:00-17:50),사범1관-14,,
,,유교,1982,AI시대대학생활(1),1,1-0-0,차정주,인성(필)월(17:00-17:50),사범1관-14,,
,,유교,1983,AI시대대학생활(1),1,1-0-0,문가영,인성(필)월(17:00-17:50),사범1관-14,,
,,유교,1984,AI시대대학생활(1),1,1-0-0,조경진,인성(필)월(17:00-17:50),사범1관-14,,
,,특교,1985,DU실용영어(1),2,2-0-0,허퍼 덕,수(10:00-11:50),사범1관-12,글로벌의사 소통,
,,특교,1986,DU실용영어(1),2,2-0-0,앤드류 캔 디,수(10:00-11:50),사범1관-13,글로벌의사 소통,
,,특교,1987,DU실용영어(1),2,2-0-0,트레버 매 튜 심,수(10:00-11:50),사범1관-13,글로벌의사 소통,
,,특교,1988,AI시대대학생활(1),1,1-0-0,권순우,인성(필)목(11:00-11:50),사범1관-11,,
,,특교,1989,AI시대대학생활(1),1,1-0-0,박정식,인성(필)목(11:00-11:50),사범1관-12,,
,,특교,1990,AI시대대학생활(1),1,1-0-0,홍정숙,인성(필)목(11:00-11:50),사범1관-12,,
,,초특,1991,DU실용영어(1),2,2-0-0,테레사 매 나밧,화(14:00-15:50),사범1관-13,글로벌의사 소통,
,,초특,1992,DU실용영어(1),2,2-0-0,폴 안소니 피오 조이,화(14:00-15:50),사범1관-12,글로벌의사 소통,
,,초특,1993,AI시대대학생활(1),1,1-0-0,김영한,인성(필)월(11:00-11:50),사범1관-11,,
,,초특,1994,AI시대대학생활(1),1,1-0-0,박남수,인성(필)월(11:00-11:50),사범1관-13,,
,,초특,1995,AI시대대학생활(1),1,1-0-0,김명광,인성(필)월(11:00-11:50),사범1관-12,,
,,초특,1996,AI시대대학생활(1),1,1-0-0,강종구,인성(필)월(11:00-11:50),사범1관-12,,
,,유특,1997,DU실용영어(1),2,2-0-0,뉴옌챈트 루,목(10:00-11:50),사범1관-13,글로벌의사 소통,
,,유특,1998,DU실용영어(1),2,2-0-0,에릭 내쉬,목(10:00-11:50),사범1관-13,글로벌의사 소통,
,,유특,1999,AI시대대학생활(1),1,1-0-0,,인성(필)수(15:00-15:50),사범1관-11,,백상수
,,유특,2000,AI시대대학생활(1),1,1-0-0,김건희,인성(필)수(15:00-15:50),사범1관-14,,
,,수교,2001,DU실용영어(1),2,2-0-0,마이클 파 을,수(14:00-15:50),사범1관-11,글로벌의사 소통,
,,수교,2002,DU실용영어(1),2,2-0-0,앤드류 캔 디,수(14:00-15:50),사범1관-12,글로벌의사 소통,
,,수교,2003,AI시대대학생활(1),1,1-0-0,김익표,인성(필)금(11:00-11:50),사범1관-15,,
,,수교,2004,AI시대대학생활(1),1,1-0-0,김대환,인성(필)금(11:00-11:50),사범1관-14,,
,,수교,2005,AI시대대학생활(1),1,1-0-0,김래용,인성(필)금(11:00-11:50),사범1관-14,,
,,수교,2006,AI시대대학생활(1),1,1-0-0,황진수,인성(필)금(11:00-11:50),사범1관-15,,
,,수교,2007,AI시대대학생활(1),1,1-0-0,박진우,인성(필)금(11:00-11:50),사범1관-14,,사범대학
공통,1,수교,2008,AI시대대학생활(1),1,1-0-0,황근보,인성(필)금(11:00-11:50),사범1관-14,,
,,물교,2009,DU실용영어(1),2,2-0-0,앤드류 캔 디,목(14:00-15:50),사범1관-12,글로벌의사 소통,
,,물교,2010,DU실용영어(1),2,2-0-0,폴 안소니 피오 조이,목(14:00-15:50),사범1관-12,글로벌의사 소통,
,,물교,2011,AI시대대학생활(1),1,1-0-0,이희조,인성(필)월(16:00-16:50),사범3관-13,,
,,화교,2012,DU실용영어(1),2,2-0-0,머레이 존 슨,월(14:00-15:50),사범1관-12,글로벌의사 소통,
,,화교,2013,DU실용영어(1),2,2-0-0,아이리쉬 새그먼,월(14:00-15:50),사범1관-12,글로벌의사 소통,
,,화교,2014,AI시대대학생활(1),1,1-0-0,김보혜,인성(필)수(16:00-16:50),사범3관-23,,
,,화교,2015,AI시대대학생활(1),1,1-0-0,김은주,인성(필)수(17:00-17:50),사범3관-22,,
,,화교,2016,AI시대대학생활(1),1,1-0-0,송종원,인성(필)수(11:00-11:50),사범3관-22,,
,,화교,2017,AI시대대학생활(1),1,1-0-0,심준호,인성(필)수(16:00-16:50),사범3관-22,,
,,화교,2018,AI시대대학생활(1),1,1-0-0,차정호,인성(필)수(16:00-16:50),사범3관-23,,
,,생교,2019,DU실용영어(1),2,2-0-0,코츠 로버 트 넬슨,화(14:00-15:50),사범1관-13,글로벌의사 소통,
,,생교,2020,DU실용영어(1),2,2-0-0,아이리쉬 새그먼,화(14:00-15:50),사범1관-13,글로벌의사 소통,
,,생교,2021,AI시대대학생활(1),1,1-0-0,이정호,인성(필)화(12:00-12:50),사범3관-33,,
,,생교,2022,AI시대대학생활(1),1,1-0-0,정진수,인성(필)화(12:00-12:50),사범3관-32,,
,,생교,2023,AI시대대학생활(1),1,1-0-0,문동오,인성(필)화(12:00-12:50),사범3관-22,,
,,생교,2024,AI시대대학생활(1),1,1-0-0,박종근,인성(필)화(12:00-12:50),사범3관-31,,
,,생교,2025,AI시대대학생활(1),1,1-0-0,조영석,인성(필)화(12:00-12:50),사범3관-32,,
,,생교,2026,AI시대대학생활(1),1,1-0-0,원효식,인성(필)화(12:00-12:50),생과1관-14,,
,,지구,2027,DU실용영어(1),2,2-0-0,아이리쉬 새그먼,수(14:00-15:50),사범1관-12,글로벌의사 소통,
,,지구,2028,DU실용영어(1),2,2-0-0,윌리엄 샤 프,수(14:00-15:50),사범1관-12,글로벌의사 소통,
,,지구,2029,AI시대대학생활(1),1,1-0-0,정철,인성(필)수(11:00-11:50),사범3관-31,,
,,지구,2030,AI시대대학생활(1),1,1-0-0,신승원,인성(필)수(11:00-11:50),사범3관-12,,
,,지구,2031,AI시대대학생활(1),1,1-0-0,안성호,인성(필)수(11:00-11:50),사범3관-12,,
,2,사범대,1821,빅컨셉+,2,2-0-0,박종수,사고와표현월(12:00-13:50),사범1관-11,,
,,사범대,1822,빅컨셉+,2,2-0-0,양종근,사고와표현화(12:00-13:50),사범1관-11,,
,,사범대,1823,빅컨셉+,2,2-0-0,김영진,사고와표현금(10:00-11:50),사범1관-11,,
,,사범대,1824,빅컨셉+,2,2-0-0,최정인,사고와표현월(12:00-13:50),사범1관-12,,사범대학
공통,2,사범대,1825,빅컨셉+,2,2-0-0,이주희,사고와표현화(10:00-11:50),사범1관-13,,
,,사범대,1826,빅컨셉+,2,2-0-0,이건직 사고와표현,월(14:00-15:50),사범1관-12,,블렌디드러 닝
,,사범대,1827,빅컨셉+,2,2-0-0,조혜경,사고와표현수(16:00-17:50),사범1관-12,,
,,사범대,1828,빅컨셉+,2,2-0-0,남중섭,사고와표현수(12:00-13:50),사범1관-12,,교직 2 특교유특초 특
,,,1856,교육사회,2,1-0-1,이민경,화(15:00-16:50),사범1관-11,,블렌디드러 닝
,,수교화교,1857,교육사회,2,1-0-1,이민경,목(13:00-14:50),사범1관-11,,블렌디드러 닝
,,물교지구,1858,교육사회,2,1-0-1,이민경,목(15:00-16:50),사범1관-11,,블렌디드러 닝
,,사범대,1859,교육사회,2,1-0-1,정나리,금(11:00-12:50),사범1관-12,,
,,국교영교,1860,교육심리,2,2-0-0,이미순,월(13:00-14:50),사범1관-13,,역교일사지 리
,,,1861,교육심리,2,2-0-0,이미순,수(11:00-12:50),사범1관-13,,
,,사범대,1862,교육심리,2,2-0-0,이미순,수(13:00-14:50),사범1관-13,,
,,사범대,1863,교육심리,2,2-0-0,이미순,목(14:00-15:50),사범1관-13,,
,,사범대,1864,교육철학및교육사,2,2-0-0,,월(15:00-16:50),사범1관-13,,
,,국교영교,1869,교육학개론,2,2-0-0,채휘균,월(13:00-14:50),사범1관-13,,역교일사지 리
,,,1870,교육학개론,2,2-0-0,교내공모,금(15:00-16:50),사범1관-12,,
,,사범대,1871,교육학개론,2,2-0-0,송영명,목(10:00-11:50),사범1관-13,,
,,사범대,1872,교육학개론,2,2-0-0,송영명,월(10:00-11:50),사범1관-13,,특교유특초 특
,,,1878,특수교육학개론,2,1-0-1,박미혜,목(13:00-14:50),사범1관-13,,
,,수교화교,1879,특수교육학개론,2,1-0-1,박미혜,목(15:00-16:50),사범1관-13,,
,,물교지구,1880,특수교육학개론,2,1-0-1,박미혜,목(10:00-11:50),사범1관-13,,
,,사범대,1881,특수교육학개론,2,1-0-1,김영익,금(10:00-11:50),사범1관-13,,
,,사범대,1882,특수교육학개론,2,1-0-1,최경숙,화(15:00-16:50),사범1관-13,,
,,사범대,1898,사전학교현장실습(1),1,0-2-0,특교유특초,,미지정미지정,,특
,,,1900,디지털교육,1,1-0-0,김현준,수(15:00-15:50),사범1관-13,,
,,수교화교,1901,디지털교육,1,1-0-0,김현준,수(16:00-16:50),사범1관-13,,
,,물교지구,1902,디지털교육,1,1-0-0,박기용,목(14:00-14:50),사범1관-13,,
,,사범대,1903,디지털교육,1,1-0-0,신동영,화(15:00-15:50),사범1관-13,,
,,사범대,1904,디지털교육,1,1-0-0,신동영,화(16:00-16:50),사범1관-13,,사범대학
교직,3,국교영교,1848,교육과정,2,1-0-1,박소영,월(15:00-16:50),사범1관-12,,역교일사지 리
,,,1849,교육과정,2,1-0-1,김미진,수(15:00-16:50),사범1관-12,,
,,사범대,1850,교육과정,2,1-0-1,김재현,목(15:00-16:50),사범1관-13,,
,,사범대,1851,교육과정,2,1-0-1,박소영,월(10:00-11:50),사범1관-13,,블렌디드러 닝 특교유특초 특
,,,1852,교육방법및교육공학,2,1-0-1,김현준,수(11:00-12:50),사범1관-13,,
,,수교화교,1853,교육방법및교육공학,2,1-0-1,정준환,목(10:00-11:50),사범1관-12,,
,,물교지구,1854,교육방법및교육공학,2,1-0-1,오정숙,화(09:00-10:50),사범1관-13,,
,,사범대,1855,교육방법및교육공학,2,1-0-1,박기용,목(15:00-16:50),사범1관-12,,
,,국교영교,1865,교육평가,2,1-0-1,김혜숙,화(11:00-12:50),사범1관-13,,역교일사지 리
,,,1866,교육평가,2,1-0-1,김혜숙,화(13:00-14:50),사범1관-13,,
,,사범대,1867,교육평가,2,1-0-1,유신복,수(09:00-10:50),사범1관-13,,
,,사범대,1868,교육평가,2,1-0-1,유신복,수(11:00-12:50),사범1관-13,,특교유특초 특
,,,1873,교육행정및교육경영,2,1-0-1,손종호,목(11:00-12:50),사범1관-13,,
,,수교화교,1874,교육행정및교육경영,2,1-0-1,정은경,화(13:00-14:50),사범1관-13,,
,,물교지구,1875,교육행정및교육경영,2,1-0-1,손종호,목(09:00-10:50),사범1관-13,,
,,사범대,1876,교육행정및교육경영,2,1-0-1,정은경,화(15:00-16:50),사범1관-13,,
,,사범대,1877,통합교육의이론과실,,,제 2 1-0-1,목(15:00-16:50),사범1관-13,,특교유특초 특
,,,1888,교직실무,1,0-0-1,,목(15:00-15:50),사범1관-13,,
,,수교화교,1889,교직실무,1,0-0-1,이정훈,목(16:00-16:50),사범1관-13,,
,,물교지구,1890,교직실무,1,0-0-1,손종호,금(14:00-14:50),사범1관-13,,
,,사범대,1891,교직실무,1,0-0-1,이정훈,금(15:00-15:50),사범1관-13,,
,,사범대,1892,교직실무,1,0-0-1,이정훈,금(16:00-16:50),사범1관-13,,
,,국교영교,1893,학교폭력예방및학생,,,의이해 2 2-0-0 신이나,수(10:00-11:50),사범1관-13,,역교일사지 리
,,,1894,학교폭력예방및학생,,,의이해 2 2-0-0 신이나,월(13:00-14:50),사범1관-13,,
,,사범대,1895,학교폭력예방및학생,,,의이해 2 2-0-0 유신복,화(10:00-11:50),사범1관-13,,
,,사범대,1896,학교폭력예방및학생,,,의이해 2 2-0-0 김희정,목(10:00-11:50),사범1관-13,,
,,사범대,1897,학교폭력예방및학생,,,의이해 2 2-0-0 김희정,목(13:00-14:50),사범1관-14,,
,,사범대,1899,사전학교현장실습(2),1,0-2-0,사범대학,,미지정미지정,,
교직,4,사범대,1883,학교현장실습(유치원,,,) 2 2-0-0,,미지정미지정,,
,,사범대,1884,학교현장실습(중등),2,2-0-0,,,미지정미지정,,
,,사범대,1885,학교현장실습(특수유,,,치원) 2 2-0-0,,미지정미지정,,
,,사범대,1886,학교현장실습(특수중,,,등) 2 2-0-0,,미지정미지정,,
,,사범대,1887,학교현장실습(특수초,,,등) 2 2-0-0,,미지정미지정,,
,,사범대,1905,학교현장실습(학기제,,,) 4 2-4-0,,미지정미지정,,
균형,1,사범대,1906,법의이해,3,3-0-0,박효근,사회·문화월(13:30-14:45) | 수(15:00-16:15),사범1관-12,,
,,사범대,1907,한국전통문화의이해,3,3-0-0,김도연,역사·철학월(16:30-17:45) | 수(16:30-17:45),사범1관-14,,
,,사범대,1908,즐거운철학이야기,3,3-0-0,이종주,역사·철학월(12:00-13:15) | 수(12:00-13:15),사범1관-14,,
,,사범대,1909,건강운동심리학,3,3-0-0,고의석,사회·문화화(16:30-17:45) | 목(16:30-17:45),사범1관-12,,
,,사범대,1910,근대유럽의세계,3,3-0-0,최영태,역사·철학월(12:00-13:15) | 수(12:00-13:15),사범2관-23,,
,,사범대,1911,고전과현대문화,3,3-0-0,노우정,화(16:30-17:45) | 목(16:30-17:45),사범1관-12,문학·예술,블렌디드러 닝
,,사범대,1912,문학과예술의사회사,3,3-0-0,윤주한,화(13:30-14:45),사범1관-12,문학·예술,블렌디드러 닝
,,사범대,1913,격동하는한국현대사,3,3-0-0,최영태,역사·철학화(16:30-17:45) | 목(16:30-17:45),사범2관-23,,
,,사범대,1914,환경문제와인간,3,3-0-0,박영식,과학·기술월(12:00-13:15) | 수(12:00-13:15),사범1관-11,,
,,사범대,1915,아름다움이란무엇인,,,가 3 3-0-0,문학·예술화(16:30-17:45) | 목(16:30-17:45),사범1관-12,,변상출
,,사범대,1916,"클라시카,플라톤,국",,,가 3 3-0-0,수(15:00-16:15),사범1관-12,역사·철학,변상출 블렌디드러 닝
,,사범대,1917,"클라시카,공자,논어",3,3-0-0,노우정,월(10:30-11:45) | 수(09:00-10:15),사범1관-12,역사·철학,블렌디드러 닝
,,사범대,1918,기후변화와생태계,3,3-0-0,박영대,과학·기술월(15:00-16:15) | 수(13:30-14:45),사범1관-11,,
,,사범대,1919,공감하는인간의이해,3,3-0-0,조혜경,수(12:00-13:15),사범1관-12,사회·문화,블렌디드러 닝
,,사범대,1920,디지털문화와언어,3,3-0-0,,문학·예술월(15:00-16:15) | 수(13:30-14:45),박호관 사범1관-12,,
,,사범대,1921,"놀이,예술,상상력",2,2-0-0,이소영,목(13:00-14:50),사범1관-14,문학·예술,블렌디드러 닝
,,사범대,1922,역사속의다문화,2,2-0-0,박재영,역사·철학수(10:00-11:50),사범1관-12,,
,,사범대,1923,영화로만나는종교,3,3-0-0,박종수,역사·철학월(15:00-16:15) | 수(13:30-14:45),사범2관-23,,
,,사범대,1924,한국미술사강의,3,3-0-0,정아현,문학·예술화(12:00-13:15) | 화(13:30-14:45),사범2관-23,,
,,사범대,1925,추리와논증,3,3-0-0,김영진,역사·철학월(13:30-14:45) | 수(15:00-16:15),사범1관-14,,
,,사범대,1926,현대언어의이해,3,3-0-0,이정복,문학·예술월(12:00-13:15) | 수(12:00-13:15),사범1관-12,,
,,사범대,1927,세계종교테마기행,3,3-0-0,심종석,역사·철학월(13:30-14:45) | 수(15:00-16:15),사범2관-23,,사범대학
균형,1,사범대,1928,DIY미술표현의실제,3,3-0-0,김민규,문학·예술월(13:30-14:45) | 수(15:00-16:15),사범1관-11,,
,,사범대,1929,"시,상상,모험",2,2-0-0,주영중,문학·예술목(10:00-11:50),사범1관-14,,
,,사범대,1930,생활속보험,3,3-0-0,이윤호,사회·문화화(16:30-17:45) | 목(16:30-17:45),사범1관-14,,
,,사범대,1931,인권과페미니즘의대,,,화 3 3-0-0 이희영,사회·문화월(12:00-13:15) | 수(12:00-13:15),사범1관-12,,
,,사범대,1932,한국사회의이해와전,,,망 3 3-0-0 이승협,사회·문화월(13:30-14:45) | 수(15:00-16:15),사범1관-12,재활과학대학,
공통,1,재과대,2032,DU사랑빛자유프로,,,젝트 2 2-0-0 박붕익,인성목(10:00-11:50),재과1관-12,,
,,재과대,2033,DU사랑빛자유프로,,,젝트 2 2-0-0 박붕익,인성수(11:00-12:50),재과1관-12,,
,,재과대,2034,DU사랑빛자유프로,,,젝트 2 2-0-0 이덕균,인성화(10:00-11:50),재과1관-12,,재활상담심 리치료
,,,2070,DU실용영어(1),2,2-0-0,레슬리 멕 코이,수(16:00-17:50),재과1관-14,글로벌의사 소통,재활상담심 리치료
,,,2071,DU실용영어(1),2,2-0-0,저스틴케 니,수(16:00-17:50),재과1관-14,글로벌의사 소통,재활상담심 리치료
,,,2072,DU실용영어(1),2,2-0-0,도란 코너 마이클,수(16:00-17:50),재과2관-11,글로벌의사 소통,재활상담심 리치료
,,,2073,AI시대대학생활(1),1,1-0-0,조성재,인성(필)목(11:00-11:50),재과1관-12,,재활상담심 리치료
,,,2074,AI시대대학생활(1),1,1-0-0,박중규,인성(필)목(11:00-11:50),재과1관-12,,재활상담심 리치료
,,,2075,AI시대대학생활(1),1,1-0-0,최은영,인성(필)목(11:00-11:50),재과1관-13,,재활상담심 리치료
,,,2076,AI시대대학생활(1),1,1-0-0,조현재,인성(필)목(11:00-11:50),재과1관-12,,
,,언치,2077,DU실용영어(1),2,2-0-0,허퍼 덕,월(16:00-17:50),재과1관-14,글로벌의사 소통,
,,언치,2078,DU실용영어(1),2,2-0-0,조슈아 애 론,월(16:00-17:50),재과1관-14,글로벌의사 소통,
,,언치,2079,AI시대대학생활(1),1,1-0-0,김정완,인성(필)금(12:00-12:50),재과1관-14,,
,,언치,2080,AI시대대학생활(1),1,1-0-0,허승덕,인성(필)금(12:00-12:50),재과1관-14,,
,,언치,2081,AI시대대학생활(1),1,1-0-0,하지완,인성(필)금(12:00-12:50),재과1관-14,,
,,물치,2082,DU실용영어(1),2,2-0-0,윌리엄 샤 프,화(12:00-13:50),재과1관-14,글로벌의사 소통,
,,물치,2083,DU실용영어(1),2,2-0-0,데렉 메이 슨,화(12:00-13:50),재과1관-14,글로벌의사 소통,
,,물치,2084,DU실용영어(1),2,2-0-0,레이날도 라모스,화(12:00-13:50),재과2관-11,글로벌의사 소통,
,,물치,2085,AI시대대학생활(1),1,1-0-0,김경,인성(필)금(10:00-10:50),재과1관-13,,
,,물치,2086,AI시대대학생활(1),1,1-0-0,황보각,인성(필)금(10:00-10:50),재과1관-13,,
,,물치,2087,AI시대대학생활(1),1,1-0-0,김명권,인성(필)금(10:00-10:50),재과1관-13,,
,,물치,2088,AI시대대학생활(1),1,1-0-0,전덕훈,인성(필)금(10:00-10:50),재과1관-12,,
,,의료재활,2089,DU실용영어(1),2,2-0-0,조슈아 애 론,목(16:00-17:50),재과1관-14,글로벌의사 소통,
,,의료재활,2090,DU실용영어(1),2,2-0-0,패트릭 에 간,목(16:00-17:50),재과1관-14,글로벌의사 소통,
,,의료재활,2091,AI시대대학생활(1),1,1-0-0,송병섭,인성(필)월(12:00-12:50),재과1관-14,,
,,의료재활,2092,AI시대대학생활(1),1,1-0-0,이근민,인성(필)월(12:00-12:50),재과1관-14,,
,,의료재활,2093,AI시대대학생활(1),1,1-0-0,김용철,인성(필)월(12:00-12:50),재과1관-12,,
,,작치,2094,DU실용영어(1),2,2-0-0,케빈 스콧 갤브래스,목(12:00-13:50),재과1관-14,글로벌의사 소통 재활과학대학,
공통,1,작치,2095,DU실용영어(1),2,2-0-0,데렉 메이 슨,목(12:00-13:50),재과1관-14,글로벌의사 소통,
,,작치,2096,DU실용영어(1),2,2-0-0,리치 루바,목(12:00-13:50),재과2관-11,글로벌의사 소통,
,,작치,2097,AI시대대학생활(1),1,1-0-0,이선민,인성(필)수(12:00-12:50),재과2관-11,,
,,작치,2098,AI시대대학생활(1),1,1-0-0,이혜림,인성(필)수(12:00-12:50),재과2관-13,,
,,작치,2099,AI시대대학생활(1),1,1-0-0,이선욱,인성(필)화(11:00-11:50),재과2관-13,,재활건강증 진학
,,,2100,DU실용영어(1),2,2-0-0,리치 루바,목(10:00-11:50),재과1관-14,글로벌의사 소통,재활건강증 진학
,,,2101,DU실용영어(1),2,2-0-0,제이슨 아 담 레이너,목(10:00-11:50),재과1관-14,글로벌의사 소통,재활건강증 진학
,,,2102,AI시대대학생활(1),1,1-0-0,김영복,인성(필)화(14:00-14:50),재과1관-12,,재활건강증 진학
,,,2103,AI시대대학생활(1),1,1-0-0,김완수 교수학습111,인성(필)화(14:00-14:50),,,
,,특수창의,2104,DU실용영어(1),2,2-0-0,김환,수(13:00-14:50),재과1관-12,글로벌의사 소통,
,,특수창의,2105,DU실용영어(1),2,2-0-0,브라인 프 린,수(15:00-16:50),재과1관-12,글로벌의사 소통,
,,특수창의,2106,AI시대대학생활(1),1,1-0-0,신규전임 교원,인성(필)금(09:00-09:50),재과1관-12,,
,2,재과대,2035,DU글로벌소통영어,2,2-0-0,마틴 리즈 웨이,월(10:00-11:50),재과1관-14,글로벌의사 소통,
,,재과대,2036,DU실무영어,2,2-0-0,크리스토 퍼 리차드,화(14:00-15:50),재과1관-14,글로벌의사 소통,
,,재과대,2037,DU실무영어,2,2-0-0,테레사 매 나밧,수(10:00-11:50),재과1관-14,글로벌의사 소통,
교직,2,재과대,2040,교육사회,2,1-0-1,이민경 합)공공인 재,화(13:00-14:50),사범1관-12,,
,,재과대,2041,교육심리,2,2-0-0,이미순 합)공공인 재,월(11:00-12:50),사범1관-13,,
,,재과대,2042,교육철학및교육사,2,2-0-0,합)공공인 재,월(13:00-14:50),사범1관-13,,
,,재과대,2044,교육학개론,2,2-0-0,안준희 합)공공인 재,목(10:00-11:50),사범1관-12,,
,,재과대,2046,특수교육학개론,2,1-0-1,합)공공인 재,수(14:00-15:50),사범1관-13,,
,,재과대,2050,디지털교육,1,1-0-0,김현준 합)공공인 재,수(14:00-14:50),사범1관-13,,
,3,재과대,2038,교육과정,2,1-0-1,김혜나 합)공공인 재,수(13:00-14:50),사범1관-12,,
,,재과대,2039,교육방법및교육공학,2,1-0-1,오정숙 합)공공인 재,화(11:00-12:50),사범1관-13,,
,,재과대,2043,교육평가,2,1-0-1,김혜숙 합)공공인 재,월(13:00-14:50),사범1관-13,,
,,재과대,2045,교육행정및교육경영,2,1-0-1,김민희 합)공공인 재,월(11:00-12:50),사범1관-13,,
,,재과대,2048,교직실무,1,0-0-1,이정훈 합)공공인 재,목(14:00-14:50),사범1관-13,,
,,재과대,2049,학교폭력예방및학생,,,의이해 2 2-0-0 문주연 합)공공인 재,수(13:00-14:50),사범1관-13,,
,4,재과대,2047,학교현장실습(특수중,,,등) 2 2-0-0,,미지정미지정,재활과학대학,
균형,1,재과대,2051,기초생물학,3,3-0-0,하달수,화(12:00-13:15) | 목(12:00-13:15),재과1관-12,과학·기술,블렌디드러 닝
,,재과대,2052,기업경영의이해,3,3-0-0,이기은,사회·문화월(15:00-16:15) | 수(13:30-14:45),재과1관-12,,
,,재과대,2053,인문학과과학기술,3,3-0-0,전용숙,과학·기술화(16:30-17:45) | 목(16:30-17:45),재과1관-12,,
,,재과대,2054,사회과학의탄생,3,3-0-0,민병욱,사회·문화화(12:00-13:15) | 목(12:00-13:15),재과1관-12,,
,,재과대,2055,디지털기술과미래사,,,회 3 3-0-0 조익성,수(13:30-14:45),재과1관-11,과학·기술,블렌디드러 닝
,,재과대,2056,문학과예술의사회사,3,3-0-0,노우정,월(15:00-16:15) | 수(13:30-14:45),재과1관-12,문학·예술,블렌디드러 닝
,,재과대,2057,과학기술사회,3,3-0-0,이건직,월(12:00-13:15) | 수(12:00-13:15),재과1관-11,과학·기술,블렌디드러 닝
,,재과대,2058,동양철학과하이브리,,,3 3-0-0 김용휘,역사·철학화(12:00-13:15) | 목(12:00-13:15),재과1관-12,드문화,
,,재과대,2059,"역사,지리,문화로본",,,성경 3 3-0-0 오정숙,역사·철학월(13:30-14:45) | 수(15:00-16:15),재과1관-14,,
,,재과대,2060,영화속상상력과과학,,,2 2-0-0 김현숙,수(10:00-11:50),재과1관-12,기술 과학·기술,블렌디드러 닝
,,재과대,2061,공감하는인간의이해,3,3-0-0,조혜경,화(16:30-17:45),재과1관-12,사회·문화,블렌디드러 닝
,,재과대,2062,역사속의다문화,2,2-0-0,김도연,역사·철학월(10:00-11:50),재과1관-14,,
,,재과대,2063,역사속의다문화,2,2-0-0,김도연,역사·철학수(10:00-11:50),재과1관-14,,
,,재과대,2064,인공지능과나의미래,2,2-0-0,이덕균,과학·기술목(14:00-15:50),재과1관-14,체육레저학부,
공통,1,체육,2107,DU실용영어(1),2,2-0-0,마이클 파 을,목(10:00-11:50),인문1관-12,글로벌의사 소통,
,,체육,2108,DU실용영어(1),2,2-0-0,에리티 다 니엘 크리,목(10:00-11:50),인문1관-12,글로벌의사 소통,
,,체육,2109,DU실용영어(1),2,2-0-0,레이날도 라모스,목(10:00-11:50),인문1관-12,글로벌의사 소통,
,,체육,2110,AI시대대학생활(1),1,1-0-0,이종삼 평교1201,인성(필)화(16:00-16:50),,,
,,체육,2111,AI시대대학생활(1),1,1-0-0,김용규 평교1202,인성(필)화(16:00-16:50),,,
,,체육,2112,AI시대대학생활(1),1,1-0-0,최봉암 평교1203,인성(필)화(16:00-16:50),,,
,,체육,2113,AI시대대학생활(1),1,1-0-0,남인수 평교1207,인성(필)화(16:00-16:50),,,
,,체육,2114,AI시대대학생활(1),1,1-0-0,최문영 평교1210,인성(필)화(16:00-16:50),,,
,,스레저,2115,DU실용영어(1),2,2-0-0,레이날도 라모스,월(10:00-11:50),인문1관-12,글로벌의사 소통,
,,스레저,2116,DU실용영어(1),2,2-0-0,크리스토 퍼 마틴 워,월(10:00-11:50),인문1관-12,글로벌의사 소통,
,,스레저,2117,DU실용영어(1),2,2-0-0,머레이 존 슨,월(10:00-11:50),인문1관-12,글로벌의사 소통,
,,스레저,2118,DU실용영어(1),2,2-0-0,앤드류 캔 디,월(10:00-11:50),인문1관-13,글로벌의사 소통,
,,스레저,2119,AI시대대학생활(1),1,1-0-0,조민행 평교1207,인성(필)화(13:00-13:50),,,
,,스레저,2120,AI시대대학생활(1),1,1-0-0,고의석,인성(필)화(13:00-13:50),인문1관-14,,
,,스레저,2121,AI시대대학생활(1),1,1-0-0,한건수,인성(필)화(13:00-13:50),인문1관-14,,
,,스레저,2122,AI시대대학생활(1),1,1-0-0,박재암 평교1210,인성(필)화(13:00-13:50),,,
,,체육,2125,AI글쓰기기초,2,2-0-0,권미영 사고와표현 (필),화(10:00-11:50),인문1관-12,,
,,체육,2126,AI글쓰기기초,2,2-0-0,박종수 사고와표현 (필),화(10:00-11:50),인문1관-12,,스레저스포 츠헬스케어
,,,2127,AI글쓰기기초,2,2-0-0,황형식 사고와표현 (필),수(10:00-11:50),인문1관-12,,스레저스포 츠헬스케어
,,,2128,AI글쓰기기초,2,2-0-0,김연주 사고와표현 (필),수(10:00-11:50),인문1관-12,,스레저스포 츠헬스케어
,,,2129,AI글쓰기기초,2,2-0-0,심도희 사고와표현 (필),수(10:00-11:50),인문1관-12,,스레저스포 츠헬스케어
,,,2130,AI글쓰기기초,2,2-0-0,김윤서 사고와표현 (필),수(10:00-11:50),인문1관-13,,스포츠헬스 케어
,,,2151,DU실용영어(1),2,2-0-0,트레버 매 튜 심,월(10:00-11:50),인문1관-13,글로벌의사 소통,스포츠헬스 케어
,,,2152,DU실용영어(1),2,2-0-0,도날드 그 랜빌,월(10:00-11:50),인문1관-13,글로벌의사 소통,스포츠헬스 케어
,,,2153,DU실용영어(1),2,2-0-0,폴 안소니 피오 조이,월(10:00-11:50),인문1관-13,글로벌의사 소통,스포츠헬스 케어
,,,2154,AI시대대학생활(1),1,1-0-0,권욱동,인성(필)목(10:00-10:50),인문1관-12,,
,2,체육레저,2123,빅컨셉+,2,2-0-0,황형식,사고와표현월(12:00-13:50),인문1관-12,,
,,체육레저,2124,빅컨셉+,2,2-0-0,최정인,사고와표현목(14:00-15:50),인문1관-12,체육레저학부,
교직,2,체육레저,2133,교육사회,2,1-0-1,이민경 합)공공인 재,화(13:00-14:50),사범1관-12,,
,,체육레저,2134,교육심리,2,2-0-0,이미순 합)공공인 재,월(11:00-12:50),사범1관-13,,
,,체육레저,2135,교육철학및교육사,2,2-0-0,합)공공인 재,월(13:00-14:50),사범1관-13,,
,,체육레저,2137,교육학개론,2,2-0-0,안준희 합)공공인 재,목(10:00-11:50),사범1관-12,,
,,체육레저,2139,특수교육학개론,2,1-0-1,합)공공인 재,수(14:00-15:50),사범1관-13,,
,,체육레저,2143,디지털교육,1,1-0-0,김현준 합)공공인 재,수(14:00-14:50),사범1관-13,,
,3,체육레저,2131,교육과정,2,1-0-1,김혜나 합)공공인 재,수(13:00-14:50),사범1관-12,,
,,체육레저,2132,교육방법및교육공학,2,1-0-1,오정숙 합)공공인 재,화(11:00-12:50),사범1관-13,,
,,체육레저,2136,교육평가,2,1-0-1,김혜숙 합)공공인 재,월(13:00-14:50),사범1관-13,,
,,체육레저,2138,교육행정및교육경영,2,1-0-1,김민희 합)공공인 재,월(11:00-12:50),사범1관-13,,
,,체육레저,2141,교직실무,1,0-0-1,이정훈 합)공공인 재,목(14:00-14:50),사범1관-13,,
,,체육레저,2142,학교폭력예방및학생,,,의이해 2 2-0-0 문주연 합)공공인 재,수(13:00-14:50),사범1관-13,,
,4,체육레저,2140,학교현장실습(중등),2,2-0-0,자유전공학부,,미지정미지정,,
공통,1,자유,2155,DU실용영어(1),2,2-0-0,코츠 로버 트 넬슨,수(10:00-11:50),생과1관-11,글로벌의사 소통,
,,자유,2156,DU실용영어(1),2,2-0-0,뉴옌챈트 루,수(10:00-11:50),경영1관-12,글로벌의사 소통,
,,자유,2157,DU실용영어(1),2,2-0-0,크롤리 제 니퍼 루이,수(10:00-11:50),경영1관-13,글로벌의사 소통,
,,자유,2158,DU실용영어(1),2,2-0-0,조셉 데븐 포트,수(10:00-11:50),사회3관-33,글로벌의사 소통,
,,자유,2159,DU실용영어(1),2,2-0-0,리차드 제 임스 갈랜,화(14:00-15:50),경영1관-13,글로벌의사 소통,
,,자유,2160,DU실용영어(1),2,2-0-0,로리존스 폴,화(14:00-15:50),경영1관-13,글로벌의사 소통,
,,자유,2161,DU실용영어(1),2,2-0-0,정 앤디 에 이치 티,화(14:00-15:50),인문2관-22,글로벌의사 소통,
,,자유,2162,DU실용영어(1),2,2-0-0,에릭 내쉬,화(14:00-15:50),인문2관-23,글로벌의사 소통,
,,자유,2163,DU실용영어(1),2,2-0-0,패트릭 에 간,수(16:00-17:50),생과1관-11,글로벌의사 소통,
,,자유,2164,DU실용영어(1),2,2-0-0,폴 안소니 피오 조이,수(16:00-17:50),생과3관-11,글로벌의사 소통,
,,자유,2165,DU실용영어(1),2,2-0-0,이스릴엠 쿠다스,수(16:00-17:50),인문2관-22,글로벌의사 소통,
,,자유,2166,DU실용영어(1),2,2-0-0,라포인트 마크 앤드,수(16:00-17:50),인문2관-23,글로벌의사 소통,
,,자유,2167,AI시대대학생활(1),1,1-0-0,박영식,인성(필)화(11:00-11:50),인문1관-12,,
,,자유,2168,AI시대대학생활(1),1,1-0-0,최종필,인성(필)화(11:00-11:50),인문1관-13,,
,,자유,2169,AI시대대학생활(1),1,1-0-0,이성화,인성(필)화(11:00-11:50),인문2관-24,,
,,자유,2170,AI시대대학생활(1),1,1-0-0,오현석,인성(필)화(11:00-11:50),경영1관-12,,
,,자유,2171,AI시대대학생활(1),1,1-0-0,장원구,인성(필)화(11:00-11:50),공학2관-22,,
,,자유,2172,AI시대대학생활(1),1,1-0-0,이길하,인성(필)화(11:00-11:50),인문2관-23,,
,,자유,2173,AI시대대학생활(1),1,1-0-0,김병문,인성(필)화(11:00-11:50),인문2관-23,,
,,자유,2174,AI시대대학생활(1),1,1-0-0,황근보,인성(필)화(11:00-11:50),인문2관-24,,
,,자유,2175,AI시대대학생활(1),1,1-0-0,박중규,인성(필)화(11:00-11:50),인문2관-22,,
,,자유,2176,AI글쓰기기초,2,2-0-0,정성옥 사고와표현 (필),월(10:00-11:50),인문2관-23,,
,,자유,2177,AI글쓰기기초,2,2-0-0,권오수 사고와표현 (필),월(10:00-11:50),인문2관-24,,
,,자유,2178,AI글쓰기기초,2,2-0-0,박은하 사고와표현 (필),월(10:00-11:50),인문2관-24,,
,,자유,2179,AI글쓰기기초,2,2-0-0,박영식 사고와표현 (필),월(10:00-11:50),인문2관-24,,
,,자유,2180,AI글쓰기기초,2,2-0-0,박영식 사고와표현 (필),목(14:00-15:50),경영1관-12,,
,,자유,2181,AI글쓰기기초,2,2-0-0,권오수 사고와표현 (필),목(14:00-15:50),경영1관-12,,
,,자유,2182,AI글쓰기기초,2,2-0-0,박은하 사고와표현 (필),목(14:00-15:50),경영1관-13,,자유전공학부
공통,1,자유,2183,AI글쓰기기초,2,2-0-0,권동우 사고와표현 (필),목(14:00-15:50),경영1관-13,,간호대학
공통,1,간호,2192,DU실용영어(1),2,2-0-0,애덤 탐슨 대구본1303,목(12:00-13:50),,글로벌의사 소통,
,,간호,2193,DU실용영어(1),2,2-0-0,크리스토 퍼 마틴 워 대구본1403,목(12:00-13:50),,글로벌의사 소통,
,,간호,2194,DU실용영어(1),2,2-0-0,크롤리 제 니퍼 루이 대구본1407,목(12:00-13:50),,글로벌의사 소통,
,,간호,2195,DU실용영어(1),2,2-0-0,애덤 탐슨 대구본1303,목(14:00-15:50),,글로벌의사 소통,
,,간호,2196,DU실용영어(1),2,2-0-0,크롤리 제 니퍼 루이 대구본1407,목(14:00-15:50),,글로벌의사 소통,
,,간호,2197,DU실용영어(1),2,2-0-0,크리스토 퍼 마틴 워 대구본1403,목(14:00-15:50),,글로벌의사 소통,
,,간호,2217,DU사랑빛자유프로,,,젝트 2 2-0-0 홍진석 대구본1601,인성화(13:00-14:50),,,
,,간호,2218,DU사랑빛자유프로,,,젝트 2 2-0-0 이주희 대구본1602,인성화(14:00-15:50),,,
,,간호,2219,DU사랑빛자유프로,,,젝트 2 2-0-0 황보경옥 대구본1601,인성화(15:00-16:50),,,
,,간호,2221,AI시대대학생활(1),1,1-0-0,오혜경 대구본1301,인성(필)목(16:00-16:50),,,
,,간호,2222,AI시대대학생활(1),1,1-0-0,류미경 대구본1301,인성(필)화(13:00-13:50),,,
,,간호,2223,AI시대대학생활(1),1,1-0-0,신규전임 교원 간호대1301,인성(필)화(13:00-13:50),,,
,2,간호,2220,DU글로벌소통영어,2,2-0-0,크롤리 제 니퍼 루이 대구본1403,화(14:00-15:50),,글로벌의사 소통,
교직,2,간호,2201,교육사회,2,1-0-1,이민경 합)공공인 재,화(13:00-14:50),사범1관-12,,
,,간호,2202,교육심리,2,2-0-0,이미순 합)공공인 재,월(11:00-12:50),사범1관-13,,
,,간호,2203,교육철학및교육사,2,2-0-0,합)공공인 재,월(13:00-14:50),사범1관-13,,
,,간호,2206,교육학개론,2,2-0-0,채휘균 합)국교영 교,월(13:00-14:50),사범1관-13,,
,,간호,2208,특수교육학개론,2,1-0-1,합)공공인 재,수(14:00-15:50),사범1관-13,,
,,간호,2212,디지털교육,1,1-0-0,김현준 합)공공인 재,수(14:00-14:50),사범1관-13,,
,3,간호,2198,교육과정,2,1-0-1,김혜나 합)공공인 재,수(13:00-14:50),사범1관-12,,
,,간호,2199,교육과정,2,1-0-1,박소영 합)국교영 교,월(15:00-16:50),사범1관-12,,
,,간호,2200,교육방법및교육공학,2,1-0-1,오정숙 합)공공인 재,화(11:00-12:50),사범1관-13,,
,,간호,2204,교육평가,2,1-0-1,김혜숙 합)공공인 재,월(13:00-14:50),사범1관-13,,
,,간호,2205,교육평가,2,1-0-1,김혜숙 합)국교영 교,화(11:00-12:50),사범1관-13,,
,,간호,2207,교육행정및교육경영,2,1-0-1,김민희 합)공공인 재,월(11:00-12:50),사범1관-13,,
,,간호,2209,교직실무,1,0-0-1,이정훈 합)공공인 재,목(14:00-14:50),사범1관-13,,
,,간호,2210,학교폭력예방및학생,,,의이해 2 2-0-0 신이나 합)국교영 교,수(10:00-11:50),사범1관-13,,
,,간호,2211,학교폭력예방및학생,,,의이해 2 2-0-0 신이나 합)역교일 사지,월(13:00-14:50),사범1관-13,,간호대학
균형,1,간호,2213,글로벌시대의인간관,,,계론 3 3-0-0 장순양 대구본1301,사회·문화화(09:00-10:15) | 목(10:30-11:45),,,
,,간호,2214,글로벌시대의인간관,,,계론 3 3-0-0 장순양 대구본1303 글로컬라이프대학 공통 1 글로컬라이 프,사회·문화화(10:30-11:45) | 목(09:00-10:15),,,
,,,2224,AI시대대학생활(1),1,1-0-0,대구본101 1 글로컬라이 프,인성(필)토(18:00-19:35),,균형,
,,,2225,현대사회와스포츠,3,3-0-0,권욱동,,DU∼MOO DU∼MOOC,사회·문화,C 글로컬라이 프
,,,2226,동아시아고도인문기,,,행 3 3-0-0,,DU∼MOO DU∼MOOC,사회·문화,권응상 C 글로컬라이 프
,,,2227,세상의교양과상식,3,3-0-0,김정렬,,본교가상본교가상,사회·문화,
